Workbook

Sheet 7-21
A1: Daily Production Log
B3: Job: | C3: SW Cheese | F3: Total Budgeted Hours: | G3: 4355 | H3: Total Job Days: | I3: 49 | N3: Lost Time Due to Weather | Q3: 1 Day | R3: 44702
B4: Project Number: | C4: 300155 | F4: Total Hours to Date: | G4: =N16+'6-30-22'!G4 -> 3402.5 | H4: No. of days to date: | I4: 47 | Q4: 1 Day | R4: 44732
B5: Date of Report | G5: =G4/G3 -> 0.78128588 | I5: =I4/I3 -> 0.95918367
A7: Personnel | C7: Name | E7: Hours | F7: Veh. No. | H7: Name | J7: Hours | L7: Name | N7: Hours | O7: Veh. No.
A8: 1 | B8: Super: | C8: JOHNSTON, B. (Walter) | F8: 66 | G8: 9 | H8: GONZALES, M. (Marcos) | K8: 17 | L8: Ketkeo Douanglamany -KK | O8: 83
A9: 2 | B9: Foreman: | C9: CRUZ, L. (Lucas) | G9: 10 | H9: Chanhorm Phaysakda | K9: 18 | L9: Max Chan Keomany | O9: 84
A10: 3 | B10: QC: | C10: *NIETO, M. (Mario) | F10: 78 | G10: 11 | H10: Vongsavanh Phaysakda | K10: 19 | L10: Boualaphanh Phanmaha | O10: 81
A11: 4 | B11: Techs: | C11: HERNANDEZ, B. (Bonofocio) | G11: 12 | H11: Thai Vilaboud | K11: 20 | L11: Khengkham Lovan Siriphom | O11: 79
A12: 5 | C12: ROMERO, J. (Jose) | G12: 13 | H12: Khamtanh Xaymonty | K12: 21 | L12: Soudsamay Phouthavong Lovan
A13: 6 | C13: *LOPEZ, J. (Jamie) | F13: 74 | G13: 14 | H13: Phichet Munwong | K13: 22
A14: 7 | C14: MORGAN, L (Luke) | G14: 15 | H14: Phouangsavanh Thammavongsa | K14: 23
A15: 8 | C15: NELCA, D. (Dennis) | G15: 16 | H15: Khamphone Sihavong | K15: 24
L16: TOTAL
B18: Description | C18: Total Sq Ft | D18: Sq. Ft. per Man Hour | E18: Sq. Ft. per Day | F18: No. Techs | G18: Hours | H18: No. Techs | I18: Hours | J18: Total Hours | K18: Actual Sq. Ft. per Hour | M18: Total Production for Job | N18: % | O18: Total Hours for Job | P18: Production Rate for Total Job
B20: MOB | C20: 1 | D20: 1 | G20: 0 | J20: =F20*G20+H20*I20 -> 0 | K20: =E20/(J20) -> #DIV/0! | M20: 0 | N20: =M20/C20 -> 0 | O20: =J20+'6-30-22'!O20 -> 108 | P20: =M20/O20 -> 0
B22: Remove Insulation Cover (SF) | C22: 125400 | J22: =F22*G22+H22*I22 -> 0 | K22: =E22/(J22) -> #DIV/0! | M22: =E22+'6-30-22'!M22 -> 125400 | N22: =M22/C22 -> 1 | O22: =J22+'6-30-22'!O22 -> 679.75 | P22: =M22/O22 -> 184.47959
B24: Remove Primary Cover (SF) | C24: 125400 | J24: =F24*G24+H24*I24 -> 0 | K24: =E24/(J24) -> #DIV/0! | M24: =E24+'6-30-22'!M24 -> 125400 | N24: =M24/C24 -> 1 | O24: =J24+'6-30-22'!O24 -> 449.75 | P24: =M24/O24 -> 278.82157
B26: Remove Existing Battens | C26: 3040 | J26: =F26*G26+H26*I26 -> 0 | K26: =E26/(J26) -> #DIV/0! | M26: =E26+'6-30-22'!M26 -> 3040 | N26: =M26/C26 -> 1 | O26: =J26+'6-30-22'!O26 -> 121.25 | P26: =M26/O26 -> 25.072165
B28: Installation New Batttens | C28: 3040 | J28: =F28*G28+H28*I28 -> 0 | K28: =E28/(J28) -> #DIV/0! | M28: =E28+'6-30-22'!M28 -> 2362 | N28: =M28/C28 -> 0.77697368 | O28: =J28+'6-30-22'!O28 -> 621.25 | P28: =M28/O28 -> 3.8020121
B30: Install 100 Mil Cover | C30: 123400 | J30: =F30*G30+H30*I30 -> 0 | K30: =E30/(J30) -> #DIV/0! | M30: =E30+'6-30-22'!M30 -> 123400 | N30: =M30/C30 -> 1 | O30: =J30+'6-30-22'!O30 -> 645.5 | P30: =M30/O30 -> 191.16964
B32: Patches & Straps | C32: 303 | J32: =F32*G32+H32*I32 -> 0 | K32: =E32/(J32) -> #DIV/0! | M32: =E32+'6-30-22'!M32 -> 303 | N32: =M32/C32 -> 1 | O32: =J32+'6-30-22'!O32 -> 166.5 | P32: =M32/O32 -> 1.8198198
B34: 60 Mil Cover & Foam | C34: 115000 | J34: =F34*G34+H34*I34 -> 0 | K34: =E34/(J34) -> #DIV/0! | M34: =E34+'6-30-22'!M34 -> 0 | N34: =M34/C34 -> 0 | O34: =J34+'6-30-22'!O34 -> 117 | P34: =M34/O34 -> 0
B36: Sample Ports | C36: 8 | J36: =F36*G36+H36*I36 -> 0 | K36: =E36/(J36) -> #DIV/0! | M36: =E36+'6-30-22'!M36 -> 8 | N36: =M36/C36 -> 1 | O36: =J36+'6-30-22'!O36 -> 69 | P36: =M36/O36 -> 0.11594203
B38: Ballast Pipes | C38: =2760+480 -> 3240 | J38: =F38*G38+H38*I38 -> 0 | K38: =E38/(J38) -> #DIV/0! | M38: =E38+'6-30-22'!M38 -> 1635 | N38: =M38/C38 -> 0.50462963 | O38: =J38+'6-30-22'!O38 -> 72 | P38: =M38/O38 -> 22.708333
B40: Grout (123/HR) | C40: 123 | J40: =F40*G40+H40*I40 -> 0 | K40: =E40/(J40) -> #DIV/0! | M40: =E40+'6-30-22'!M40 -> 0 | N40: =M40/C40 -> 0 | O40: =J40+'6-30-22'!O40 -> 0 | P40: =M40/O40 -> #DIV/0!
B42: Owner/Contractor Delay | J42: =F42*G42+H42*I42 -> 0 | K42: =E42/(J42) -> #DIV/0! | M42: =E42+'6-30-22'!M42 -> 0 | N42: =M42/C42 -> #VALUE! | O42: =J42+'6-30-22'!O42 -> 0 | P42: =M42/O42 -> #DIV/0!
B44: Work Outside Original Scope | J44: =F44*G44+H44*I44 -> 0 | K44: =E44/(J44) -> #DIV/0! | M44: =E44+'6-30-22'!M44 -> #VALUE! | N44: =M44/C44 -> #VALUE! | O44: =J44+'6-30-22'!O44 -> 99 | P44: =M44/O44 -> #VALUE!
B46: Weather Delay | J46: =F46*G46+H46*I46 -> 0 | K46: =E46/(J46) -> #DIV/0! | M46: =E46+'6-30-22'!M46 -> 0 | N46: =M46/C46 -> #DIV/0! | O46: =J46+'6-30-22'!O46 -> 253.5 | P46: =M46/O46 -> 0
B47: Total: | J47: =J20+J22+J24+J26+J28+J30+J32+J34+J36+J38+J40+J42+J44+J46 -> 0 | O47: =O20+O22+O24+O26+O28+O30+O32+O34+O36+O38+O40+O42+O44+O46 -> 3402.5
B49: NOTES:
B51: TEMP:
B53: WEATHER:

Sheet 7-10-22
A1: Daily Production Log
B3: Job: | C3: SW Cheese | F3: Total Budgeted Hours: | G3: 4355 | H3: Total Job Days: | I3: 49 | N3: Lost Time Due to Weather | Q3: 1 Day | R3: 44702
B4: Project Number: | C4: 300155 | F4: Total Hours to Date: | G4: =N16+'6-30-22'!G4 -> 3476.75 | H4: No. of days to date: | I4: 47 | Q4: 1 Day | R4: 44732
B5: Date of Report | G5: =G4/G3 -> 0.79833525 | I5: =I4/I3 -> 0.95918367
A7: Personnel | C7: Name | E7: Hours | F7: Veh. No. | H7: Name | J7: Hours | L7: Name | N7: Hours | O7: Veh. No.
A8: 1 | B8: Super: | C8: JOHNSTON, B. (Walter) | E8: 8.25 | F8: 66 | G8: 9 | H8: GONZALES, M. (Marcos) | J8: 8.25 | K8: 17 | L8: Ketkeo Douanglamany -KK | O8: 83
A9: 2 | B9: Foreman: | C9: CRUZ, L. (Lucas) | E9: 8.25 | G9: 10 | H9: Chanhorm Phaysakda | K9: 18 | L9: Max Chan Keomany | O9: 84
A10: 3 | B10: QC: | C10: *NIETO, M. (Mario) | E10: 8.25 | F10: 78 | G10: 11 | H10: Vongsavanh Phaysakda | K10: 19 | L10: Boualaphanh Phanmaha | O10: 81
A11: 4 | B11: Techs: | C11: HERNANDEZ, B. (Bonofocio) | E11: 8.25 | G11: 12 | H11: Thai Vilaboud | K11: 20 | L11: Khengkham Lovan Siriphom | O11: 79
A12: 5 | C12: ROMERO, J. (Jose) | E12: 8.25 | G12: 13 | H12: Khamtanh Xaymonty | K12: 21 | L12: Soudsamay Phouthavong Lovan
A13: 6 | C13: *LOPEZ, J. (Jamie) | E13: 8.25 | F13: 74 | G13: 14 | H13: Phichet Munwong | K13: 22
A14: 7 | C14: MORGAN, L (Luke) | E14: 8.25 | G14: 15 | H14: Phouangsavanh Thammavongsa | K14: 23
A15: 8 | C15: NELCA, D. (Dennis) | E15: 8.25 | G15: 16 | H15: Khamphone Sihavong | K15: 24
L16: TOTAL | N16: =E8+E9+E10+E11+E12+E13+E14+E15+J8+J9+J10+J11+J12+J13+J14+J15+N8+N9+N10+N11+N12+N13+N14+N15 -> 74.25
B18: Description | C18: Total Sq Ft | D18: Sq. Ft. per Man Hour | E18: Sq. Ft. per Day | F18: No. Techs | G18: Hours | H18: No. Techs | I18: Hours | J18: Total Hours | K18: Actual Sq. Ft. per Hour | M18: Total Production for Job | N18: % | O18: Total Hours for Job | P18: Production Rate for Total Job
B20: MOB | C20: 1 | D20: 1 | G20: 0 | J20: =F20*G20+H20*I20 -> 0 | K20: =E20/(J20) -> #DIV/0! | M20: 0 | N20: =M20/C20 -> 0 | O20: =J20+'6-30-22'!O20 -> 108 | P20: =M20/O20 -> 0
B22: Remove Insulation Cover (SF) | C22: 125400 | J22: =F22*G22+H22*I22 -> 0 | K22: =E22/(J22) -> #DIV/0! | M22: =E22+'6-30-22'!M22 -> 125400 | N22: =M22/C22 -> 1 | O22: =J22+'6-30-22'!O22 -> 679.75 | P22: =M22/O22 -> 184.47959
B24: Remove Primary Cover (SF) | C24: 125400 | J24: =F24*G24+H24*I24 -> 0 | K24: =E24/(J24) -> #DIV/0! | M24: =E24+'6-30-22'!M24 -> 125400 | N24: =M24/C24 -> 1 | O24: =J24+'6-30-22'!O24 -> 449.75 | P24: =M24/O24 -> 278.82157
B26: Remove Existing Battens | C26: 3040 | J26: =F26*G26+H26*I26 -> 0 | K26: =E26/(J26) -> #DIV/0! | M26: =E26+'6-30-22'!M26 -> 3040 | N26: =M26/C26 -> 1 | O26: =J26+'6-30-22'!O26 -> 121.25 | P26: =M26/O26 -> 25.072165
B28: Installation New Batttens | C28: 3040 | J28: =F28*G28+H28*I28 -> 0 | K28: =E28/(J28) -> #DIV/0! | M28: =E28+'6-30-22'!M28 -> 2362 | N28: =M28/C28 -> 0.77697368 | O28: =J28+'6-30-22'!O28 -> 621.25 | P28: =M28/O28 -> 3.8020121
B30: Install 100 Mil Cover | C30: 123400 | J30: =F30*G30+H30*I30 -> 0 | K30: =E30/(J30) -> #DIV/0! | M30: =E30+'6-30-22'!M30 -> 123400 | N30: =M30/C30 -> 1 | O30: =J30+'6-30-22'!O30 -> 645.5 | P30: =M30/O30 -> 191.16964
B32: Patches & Straps | C32: 303 | J32: =F32*G32+H32*I32 -> 0 | K32: =E32/(J32) -> #DIV/0! | M32: =E32+'6-30-22'!M32 -> 303 | N32: =M32/C32 -> 1 | O32: =J32+'6-30-22'!O32 -> 166.5 | P32: =M32/O32 -> 1.8198198
B34: 60 Mil Cover & Foam | C34: 115000 | D34: liner | E34: 5040 | F34: 9 | G34: 8.25 | J34: =F34*G34+H34*I34 -> 74.25 | K34: =E34/(J34) -> 67.878788 | M34: =E34+'6-30-22'!M34 -> 5040 | N34: =M34/C34 -> 0.043826087 | O34: =J34+'6-30-22'!O34 -> 191.25 | P34: =M34/O34 -> 26.352941
D35: foam | E35: 5040
B36: Sample Ports | C36: 8 | J36: =F36*G36+H36*I36 -> 0 | K36: =E36/(J36) -> #DIV/0! | M36: =E36+'6-30-22'!M36 -> 8 | N36: =M36/C36 -> 1 | O36: =J36+'6-30-22'!O36 -> 69 | P36: =M36/O36 -> 0.11594203
B38: Ballast Pipes | C38: =2760+480 -> 3240 | J38: =F38*G38+H38*I38 -> 0 | K38: =E38/(J38) -> #DIV/0! | M38: =E38+'6-30-22'!M38 -> 1635 | N38: =M38/C38 -> 0.50462963 | O38: =J38+'6-30-22'!O38 -> 72 | P38: =M38/O38 -> 22.708333
B40: Grout (123/HR) | C40: 123 | J40: =F40*G40+H40*I40 -> 0 | K40: =E40/(J40) -> #DIV/0! | M40: =E40+'6-30-22'!M40 -> 0 | N40: =M40/C40 -> 0 | O40: =J40+'6-30-22'!O40 -> 0 | P40: =M40/O40 -> #DIV/0!
B42: Owner/Contractor Delay | J42: =F42*G42+H42*I42 -> 0 | K42: =E42/(J42) -> #DIV/0! | M42: =E42+'6-30-22'!M42 -> 0 | N42: =M42/C42 -> #VALUE! | O42: =J42+'6-30-22'!O42 -> 0 | P42: =M42/O42 -> #DIV/0!
B44: Work Outside Original Scope | J44: =F44*G44+H44*I44 -> 0 | K44: =E44/(J44) -> #DIV/0! | M44: =E44+'6-30-22'!M44 -> #VALUE! | N44: =M44/C44 -> #VALUE! | O44: =J44+'6-30-22'!O44 -> 99 | P44: =M44/O44 -> #VALUE!
B46: Weather Delay | J46: =F46*G46+H46*I46 -> 0 | K46: =E46/(J46) -> #DIV/0! | M46: =E46+'6-30-22'!M46 -> 0 | N46: =M46/C46 -> #DIV/0! | O46: =J46+'6-30-22'!O46 -> 253.5 | P46: =M46/O46 -> 0
B47: Total: | J47: =J20+J22+J24+J26+J28+J30+J32+J34+J36+J38+J40+J42+J44+J46 -> 74.25 | O47: =O20+O22+O24+O26+O28+O30+O32+O34+O36+O38+O40+O42+O44+O46 -> 3476.75
B49: NOTES: | C49: EXT. WELDED 652 FT. DEPOLYED 5,040SF. LINER + 5040SF. FOAM
B51: TEMP: | C51: L - 69 H- 94
B53: WEATHER: | C53: HOT , MOSTLY SUNNY HIGHS IN THE UPPER 90s SOUTH WINDS AROUND 15 MPH

Sheet 7-9-22
A1: Daily Production Log
B3: Job: | C3: SW Cheese | F3: Total Budgeted Hours: | G3: 4355 | H3: Total Job Days: | I3: 49 | N3: Lost Time Due to Weather | Q3: 1 Day | R3: 44702
B4: Project Number: | C4: 300155 | F4: Total Hours to Date: | G4: =N16+'6-30-22'!G4 -> 3554.5 | H4: No. of days to date: | I4: 47 | Q4: 1 Day | R4: 44732
B5: Date of Report | G5: =G4/G3 -> 0.81618829 | I5: =I4/I3 -> 0.95918367
A7: Personnel | C7: Name | E7: Hours | F7: Veh. No. | H7: Name | J7: Hours | L7: Name | N7: Hours | O7: Veh. No.
A8: 1 | B8: Super: | C8: JOHNSTON, B. (Walter) | E8: 8 | F8: 66 | G8: 9 | H8: GONZALES, M. (Marcos) | J8: 8 | K8: 17 | L8: Ketkeo Douanglamany -KK | N8: 8 | O8: 83
A9: 2 | B9: Foreman: | C9: CRUZ, L. (Lucas) | E9: 8 | G9: 10 | H9: Chanhorm Phaysakda | J9: 8 | K9: 18 | L9: Max Chan Keomany | N9: 8 | O9: 84
A10: 3 | B10: QC: | C10: *NIETO, M. (Mario) | E10: 8 | F10: 78 | G10: 11 | H10: Vongsavanh Phaysakda | J10: 8 | K10: 19 | L10: Boualaphanh Phanmaha | N10: 8 | O10: 81
A11: 4 | B11: Techs: | C11: HERNANDEZ, B. (Bonofocio) | E11: 8 | G11: 12 | H11: Thai Vilaboud | J11: 8 | K11: 20 | L11: Khengkham Lovan Siriphom | N11: 8 | O11: 79
A12: 5 | C12: ROMERO, J. (Jose) | E12: 8 | G12: 13 | H12: Khamtanh Xaymonty | J12: 0 | K12: 21 | L12: Soudsamay Phouthavong Lovan | N12: 8
A13: 6 | C13: *LOPEZ, J. (Jamie) | E13: 8 | F13: 74 | G13: 14 | H13: Phichet Munwong | J13: 0 | K13: 22
A14: 7 | C14: MORGAN, L (Luke) | E14: 8 | G14: 15 | H14: Phouangsavanh Thammavongsa | J14: 8 | K14: 23
A15: 8 | C15: NELCA, D. (Dennis) | E15: 8 | G15: 16 | H15: Khamphone Sihavong | J15: 8 | K15: 24
L16: TOTAL | N16: =E8+E9+E10+E11+E12+E13+E14+E15+J8+J9+J10+J11+J12+J13+J14+J15+N8+N9+N10+N11+N12+N13+N14+N15 -> 152
B18: Description | C18: Total Sq Ft | D18: Sq. Ft. per Man Hour | E18: Sq. Ft. per Day | F18: No. Techs | G18: Hours | H18: No. Techs | I18: Hours | J18: Total Hours | K18: Actual Sq. Ft. per Hour | M18: Total Production for Job | N18: % | O18: Total Hours for Job | P18: Production Rate for Total Job
B20: MOB | C20: 1 | D20: 1 | G20: 0 | J20: =F20*G20+H20*I20 -> 0 | K20: =E20/(J20) -> #DIV/0! | M20: 0 | N20: =M20/C20 -> 0 | O20: =J20+'6-30-22'!O20 -> 108 | P20: =M20/O20 -> 0
B22: Remove Insulation Cover (SF) | C22: 125400 | J22: =F22*G22+H22*I22 -> 0 | K22: =E22/(J22) -> #DIV/0! | M22: =E22+'6-30-22'!M22 -> 125400 | N22: =M22/C22 -> 1 | O22: =J22+'6-30-22'!O22 -> 679.75 | P22: =M22/O22 -> 184.47959
B24: Remove Primary Cover (SF) | C24: 125400 | J24: =F24*G24+H24*I24 -> 0 | K24: =E24/(J24) -> #DIV/0! | M24: =E24+'6-30-22'!M24 -> 125400 | N24: =M24/C24 -> 1 | O24: =J24+'6-30-22'!O24 -> 449.75 | P24: =M24/O24 -> 278.82157
B26: Remove Existing Battens | C26: 3040 | J26: =F26*G26+H26*I26 -> 0 | K26: =E26/(J26) -> #DIV/0! | M26: =E26+'6-30-22'!M26 -> 3040 | N26: =M26/C26 -> 1 | O26: =J26+'6-30-22'!O26 -> 121.25 | P26: =M26/O26 -> 25.072165
B28: Installation New Batttens | C28: 3040 | J28: =F28*G28+H28*I28 -> 0 | K28: =E28/(J28) -> #DIV/0! | M28: =E28+'6-30-22'!M28 -> 2362 | N28: =M28/C28 -> 0.77697368 | O28: =J28+'6-30-22'!O28 -> 621.25 | P28: =M28/O28 -> 3.8020121
B30: Install 100 Mil Cover | C30: 123400 | J30: =F30*G30+H30*I30 -> 0 | K30: =E30/(J30) -> #DIV/0! | M30: =E30+'6-30-22'!M30 -> 123400 | N30: =M30/C30 -> 1 | O30: =J30+'6-30-22'!O30 -> 645.5 | P30: =M30/O30 -> 191.16964
B32: Patches & Straps | C32: 303 | J32: =F32*G32+H32*I32 -> 0 | K32: =E32/(J32) -> #DIV/0! | M32: =E32+'6-30-22'!M32 -> 303 | N32: =M32/C32 -> 1 | O32: =J32+'6-30-22'!O32 -> 166.5 | P32: =M32/O32 -> 1.8198198
B34: 60 Mil Cover & Foam | C34: 115000 | D34: liner | E34: 10080 | F34: 19 | G34: 8 | J34: =F34*G34+H34*I34 -> 152 | K34: =E34/(J34) -> 66.315789 | M34: =E34+'6-30-22'!M34 -> 10080 | N34: =M34/C34 -> 0.087652174 | O34: =J34+'6-30-22'!O34 -> 269 | P34: =M34/O34 -> 37.472119
D35: foam | E35: 10080
B36: Sample Ports | C36: 8 | J36: =F36*G36+H36*I36 -> 0 | K36: =E36/(J36) -> #DIV/0! | M36: =E36+'6-30-22'!M36 -> 8 | N36: =M36/C36 -> 1 | O36: =J36+'6-30-22'!O36 -> 69 | P36: =M36/O36 -> 0.11594203
B38: Ballast Pipes | C38: =2760+480 -> 3240 | J38: =F38*G38+H38*I38 -> 0 | K38: =E38/(J38) -> #DIV/0! | M38: =E38+'6-30-22'!M38 -> 1635 | N38: =M38/C38 -> 0.50462963 | O38: =J38+'6-30-22'!O38 -> 72 | P38: =M38/O38 -> 22.708333
B40: Grout (123/HR) | C40: 123 | J40: =F40*G40+H40*I40 -> 0 | K40: =E40/(J40) -> #DIV/0! | M40: =E40+'6-30-22'!M40 -> 0 | N40: =M40/C40 -> 0 | O40: =J40+'6-30-22'!O40 -> 0 | P40: =M40/O40 -> #DIV/0!
B42: Owner/Contractor Delay | J42: =F42*G42+H42*I42 -> 0 | K42: =E42/(J42) -> #DIV/0! | M42: =E42+'6-30-22'!M42 -> 0 | N42: =M42/C42 -> #VALUE! | O42: =J42+'6-30-22'!O42 -> 0 | P42: =M42/O42 -> #DIV/0!
B44: Work Outside Original Scope | J44: =F44*G44+H44*I44 -> 0 | K44: =E44/(J44) -> #DIV/0! | M44: =E44+'6-30-22'!M44 -> #VALUE! | N44: =M44/C44 -> #VALUE! | O44: =J44+'6-30-22'!O44 -> 99 | P44: =M44/O44 -> #VALUE!
B46: Weather Delay | J46: =F46*G46+H46*I46 -> 0 | K46: =E46/(J46) -> #DIV/0! | M46: =E46+'6-30-22'!M46 -> 0 | N46: =M46/C46 -> #DIV/0! | O46: =J46+'6-30-22'!O46 -> 253.5 | P46: =M46/O46 -> 0
B47: Total: | J47: =J20+J22+J24+J26+J28+J30+J32+J34+J36+J38+J40+J42+J44+J46 -> 152 | O47: =O20+O22+O24+O26+O28+O30+O32+O34+O36+O38+O40+O42+O44+O46 -> 3554.5
B49: NOTES: | C49: WXT.WELDED 978 FT. DEPOLYED 10,080 LINER + 10,080 FOAM
B51: TEMP: | C51: L - 68 H - 88
B53: WEATHER: | C53: MOSTLY SUNNY THIS MORNING THEN PARTLY CLOUDY WITH ISOLATED SHOWERS + THUNDERSTORMS THIS AFTERNOON
C54: HIGHS IN THE MID 90s SOUTHEAST WINDS AROUND 15 MPH THIS AFTERNOON CHANCE OF RAIN 20 PERCENT

Sheet 7-8-22
A1: Daily Production Log
B3: Job: | C3: SW Cheese | F3: Total Budgeted Hours: | G3: 4355 | H3: Total Job Days: | I3: 49 | N3: Lost Time Due to Weather | Q3: 1 Day | R3: 44702
B4: Project Number: | C4: 300155 | F4: Total Hours to Date: | G4: =N16+'6-30-22'!G4 -> 3583 | H4: No. of days to date: | I4: 47 | Q4: 1 Day | R4: 44732
B5: Date of Report | G5: =G4/G3 -> 0.82273249 | I5: =I4/I3 -> 0.95918367
A7: Personnel | C7: Name | E7: Hours | F7: Veh. No. | H7: Name | J7: Hours | L7: Name | N7: Hours | O7: Veh. No.
A8: 1 | B8: Super: | C8: JOHNSTON, B. (Walter) | E8: 9.5 | F8: 66 | G8: 9 | H8: GONZALES, M. (Marcos) | J8: 9.5 | K8: 17 | L8: Ketkeo Douanglamany -KK | N8: 9.5 | O8: 83
A9: 2 | B9: Foreman: | C9: CRUZ, L. (Lucas) | E9: 9.5 | G9: 10 | H9: Chanhorm Phaysakda | J9: 9.5 | K9: 18 | L9: Max Chan Keomany | N9: 9.5 | O9: 84
A10: 3 | B10: QC: | C10: *NIETO, M. (Mario) | E10: 9.5 | F10: 78 | G10: 11 | H10: Vongsavanh Phaysakda | J10: 9.5 | K10: 19 | L10: Boualaphanh Phanmaha | N10: 9.5 | O10: 81
A11: 4 | B11: Techs: | C11: HERNANDEZ, B. (Bonofocio) | E11: 9.5 | G11: 12 | H11: Thai Vilaboud | J11: 9.5 | K11: 20 | L11: Khengkham Lovan Siriphom | N11: 9.5 | O11: 79
A12: 5 | C12: ROMERO, J. (Jose) | E12: 9.5 | G12: 13 | H12: Khamtanh Xaymonty | J12: 0 | K12: 21 | L12: Soudsamay Phouthavong Lovan | N12: 9.5
A13: 6 | C13: *LOPEZ, J. (Jamie) | E13: 9.5 | F13: 74 | G13: 14 | H13: Phichet Munwong | J13: 0 | K13: 22
A14: 7 | C14: MORGAN, L (Luke) | E14: 9.5 | G14: 15 | H14: Phouangsavanh Thammavongsa | J14: 9.5 | K14: 23
A15: 8 | C15: NELCA, D. (Dennis) | E15: 9.5 | G15: 16 | H15: Khamphone Sihavong | J15: 9.5 | K15: 24
L16: TOTAL | N16: =E8+E9+E10+E11+E12+E13+E14+E15+J8+J9+J10+J11+J12+J13+J14+J15+N8+N9+N10+N11+N12+N13+N14+N15 -> 180.5
B18: Description | C18: Total Sq Ft | D18: Sq. Ft. per Man Hour | E18: Sq. Ft. per Day | F18: No. Techs | G18: Hours | H18: No. Techs | I18: Hours | J18: Total Hours | K18: Actual Sq. Ft. per Hour | M18: Total Production for Job | N18: % | O18: Total Hours for Job | P18: Production Rate for Total Job
B20: MOB | C20: 1 | D20: 1 | G20: 0 | J20: =F20*G20+H20*I20 -> 0 | K20: =E20/(J20) -> #DIV/0! | M20: 0 | N20: =M20/C20 -> 0 | O20: =J20+'6-30-22'!O20 -> 108 | P20: =M20/O20 -> 0
B22: Remove Insulation Cover (SF) | C22: 125400 | J22: =F22*G22+H22*I22 -> 0 | K22: =E22/(J22) -> #DIV/0! | M22: =E22+'6-30-22'!M22 -> 125400 | N22: =M22/C22 -> 1 | O22: =J22+'6-30-22'!O22 -> 679.75 | P22: =M22/O22 -> 184.47959
B24: Remove Primary Cover (SF) | C24: 125400 | J24: =F24*G24+H24*I24 -> 0 | K24: =E24/(J24) -> #DIV/0! | M24: =E24+'6-30-22'!M24 -> 125400 | N24: =M24/C24 -> 1 | O24: =J24+'6-30-22'!O24 -> 449.75 | P24: =M24/O24 -> 278.82157
B26: Remove Existing Battens | C26: 3040 | J26: =F26*G26+H26*I26 -> 0 | K26: =E26/(J26) -> #DIV/0! | M26: =E26+'6-30-22'!M26 -> 3040 | N26: =M26/C26 -> 1 | O26: =J26+'6-30-22'!O26 -> 121.25 | P26: =M26/O26 -> 25.072165
B28: Installation New Batttens | C28: 3040 | J28: =F28*G28+H28*I28 -> 0 | K28: =E28/(J28) -> #DIV/0! | M28: =E28+'6-30-22'!M28 -> 2362 | N28: =M28/C28 -> 0.77697368 | O28: =J28+'6-30-22'!O28 -> 621.25 | P28: =M28/O28 -> 3.8020121
B30: Install 100 Mil Cover | C30: 123400 | J30: =F30*G30+H30*I30 -> 0 | K30: =E30/(J30) -> #DIV/0! | M30: =E30+'6-30-22'!M30 -> 123400 | N30: =M30/C30 -> 1 | O30: =J30+'6-30-22'!O30 -> 645.5 | P30: =M30/O30 -> 191.16964
B32: Patches & Straps | C32: 303 | J32: =F32*G32+H32*I32 -> 0 | K32: =E32/(J32) -> #DIV/0! | M32: =E32+'6-30-22'!M32 -> 303 | N32: =M32/C32 -> 1 | O32: =J32+'6-30-22'!O32 -> 166.5 | P32: =M32/O32 -> 1.8198198
B34: 60 Mil Cover & Foam | C34: 115000 | D34: liner | E34: 15420 | F34: 19 | G34: 9.5 | J34: =F34*G34+H34*I34 -> 180.5 | K34: =E34/(J34) -> 85.429363 | M34: =E34+'6-30-22'!M34 -> 15420 | N34: =M34/C34 -> 0.13408696 | O34: =J34+'6-30-22'!O34 -> 297.5 | P34: =M34/O34 -> 51.831933
D35: foam | E35: 15420
B36: Sample Ports | C36: 8 | J36: =F36*G36+H36*I36 -> 0 | K36: =E36/(J36) -> #DIV/0! | M36: =E36+'6-30-22'!M36 -> 8 | N36: =M36/C36 -> 1 | O36: =J36+'6-30-22'!O36 -> 69 | P36: =M36/O36 -> 0.11594203
B38: Ballast Pipes | C38: =2760+480 -> 3240 | J38: =F38*G38+H38*I38 -> 0 | K38: =E38/(J38) -> #DIV/0! | M38: =E38+'6-30-22'!M38 -> 1635 | N38: =M38/C38 -> 0.50462963 | O38: =J38+'6-30-22'!O38 -> 72 | P38: =M38/O38 -> 22.708333
B40: Grout (123/HR) | C40: 123 | J40: =F40*G40+H40*I40 -> 0 | K40: =E40/(J40) -> #DIV/0! | M40: =E40+'6-30-22'!M40 -> 0 | N40: =M40/C40 -> 0 | O40: =J40+'6-30-22'!O40 -> 0 | P40: =M40/O40 -> #DIV/0!
B42: Owner/Contractor Delay | J42: =F42*G42+H42*I42 -> 0 | K42: =E42/(J42) -> #DIV/0! | M42: =E42+'6-30-22'!M42 -> 0 | N42: =M42/C42 -> #VALUE! | O42: =J42+'6-30-22'!O42 -> 0 | P42: =M42/O42 -> #DIV/0!
B44: Work Outside Original Scope | J44: =F44*G44+H44*I44 -> 0 | K44: =E44/(J44) -> #DIV/0! | M44: =E44+'6-30-22'!M44 -> #VALUE! | N44: =M44/C44 -> #VALUE! | O44: =J44+'6-30-22'!O44 -> 99 | P44: =M44/O44 -> #VALUE!
B46: Weather Delay | J46: =F46*G46+H46*I46 -> 0 | K46: =E46/(J46) -> #DIV/0! | M46: =E46+'6-30-22'!M46 -> 0 | N46: =M46/C46 -> #DIV/0! | O46: =J46+'6-30-22'!O46 -> 253.5 | P46: =M46/O46 -> 0
B47: Total: | J47: =J20+J22+J24+J26+J28+J30+J32+J34+J36+J38+J40+J42+J44+J46 -> 180.5 | O47: =O20+O22+O24+O26+O28+O30+O32+O34+O36+O38+O40+O42+O44+O46 -> 3583
B49: NOTES: | C49: EXT. WELDED 978 FT. DEPOLYED 15,420 LINER + 15,420 FOAM
B51: TEMP: | C51: L - 69 H - 95
B53: WEATHER: | C53: PARTLY CLOUDY THIS MORNING THEN MOSTLY CLOUDY WITH SCATTLED SHOWERS +THUNDERSTORMS
C54: THIS AFTERNOON HIGHS IN THE LOWER 90s SOUTHEAST WIND AROUND 15 MPH CHANCE OF RAIN 40 PERCENT

Sheet Sheet1

Sheet Sheet2

Sheet Sheet3

Sheet Sheet4

Sheet Sheet5

Sheet 7-1-22
A1: Daily Production Log
B3: Job: | C3: SW Cheese | F3: Total Budgeted Hours: | G3: 4355 | H3: Total Job Days: | I3: 49 | N3: Lost Time Due to Weather | Q3: 1 Day | R3: 44702
B4: Project Number: | C4: 300155 | F4: Total Hours to Date: | G4: =N16+'6-30-22'!G4 -> 3483.5 | H4: No. of days to date: | I4: 47 | Q4: 1 Day | R4: 44732
B5: Date of Report | C5: 44743 | G5: =G4/G3 -> 0.79988519 | I5: =I4/I3 -> 0.95918367
A7: Personnel | C7: Name | E7: Hours | F7: Veh. No. | H7: Name | J7: Hours | L7: Name | N7: Hours | O7: Veh. No.
A8: 1 | B8: Super: | C8: JOHNSTON, B. (Walter) | E8: 9 | F8: 66 | G8: 9 | H8: GONZALES, M. (Marcos) | J8: 9 | K8: 17 | L8: Ketkeo Douanglamany -KK | O8: 83
A9: 2 | B9: Foreman: | C9: CRUZ, L. (Lucas) | E9: 9 | G9: 10 | H9: Chanhorm Phaysakda | K9: 18 | L9: Max Chan Keomany | O9: 84
A10: 3 | B10: QC: | C10: *NIETO, M. (Mario) | E10: 9 | F10: 78 | G10: 11 | H10: Vongsavanh Phaysakda | K10: 19 | L10: Boualaphanh Phanmaha | O10: 81
A11: 4 | B11: Techs: | C11: HERNANDEZ, B. (Bonofocio) | E11: 9 | G11: 12 | H11: Thai Vilaboud | K11: 20 | L11: Khengkham Lovan Siriphom | O11: 79
A12: 5 | C12: ROMERO, J. (Jose) | E12: 9 | G12: 13 | H12: Khamtanh Xaymonty | K12: 21 | L12: Soudsamay Phouthavong Lovan
A13: 6 | C13: *LOPEZ, J. (Jamie) | E13: 9 | F13: 74 | G13: 14 | H13: Phichet Munwong | K13: 22
A14: 7 | C14: MORGAN, L (Luke) | E14: 9 | G14: 15 | H14: Phouangsavanh Thammavongsa | K14: 23
A15: 8 | C15: NELCA, D. (Dennis) | E15: 9 | G15: 16 | H15: Khamphone Sihavong | K15: 24
L16: TOTAL | N16: =E8+E9+E10+E11+E12+E13+E14+E15+J8+J9+J10+J11+J12+J13+J14+J15+N8+N9+N10+N11+N12+N13+N14+N15 -> 81
B18: Description | C18: Total Sq Ft | D18: Sq. Ft. per Man Hour | E18: Sq. Ft. per Day | F18: No. Techs | G18: Hours | H18: No. Techs | I18: Hours | J18: Total Hours | K18: Actual Sq. Ft. per Hour | M18: Total Production for Job | N18: % | O18: Total Hours for Job | P18: Production Rate for Total Job
B20: MOB | C20: 1 | D20: 1 | G20: 0 | J20: =F20*G20+H20*I20 -> 0 | K20: =E20/(J20) -> #DIV/0! | M20: 0 | N20: =M20/C20 -> 0 | O20: =J20+'6-30-22'!O20 -> 108 | P20: =M20/O20 -> 0
B22: Remove Insulation Cover (SF) | C22: 125400 | J22: =F22*G22+H22*I22 -> 0 | K22: =E22/(J22) -> #DIV/0! | M22: =E22+'6-30-22'!M22 -> 125400 | N22: =M22/C22 -> 1 | O22: =J22+'6-30-22'!O22 -> 679.75 | P22: =M22/O22 -> 184.47959
B24: Remove Primary Cover (SF) | C24: 125400 | J24: =F24*G24+H24*I24 -> 0 | K24: =E24/(J24) -> #DIV/0! | M24: =E24+'6-30-22'!M24 -> 125400 | N24: =M24/C24 -> 1 | O24: =J24+'6-30-22'!O24 -> 449.75 | P24: =M24/O24 -> 278.82157
B26: Remove Existing Battens | C26: 3040 | J26: =F26*G26+H26*I26 -> 0 | K26: =E26/(J26) -> #DIV/0! | M26: =E26+'6-30-22'!M26 -> 3040 | N26: =M26/C26 -> 1 | O26: =J26+'6-30-22'!O26 -> 121.25 | P26: =M26/O26 -> 25.072165
B28: Installation New Batttens | C28: 3040 | J28: =F28*G28+H28*I28 -> 0 | K28: =E28/(J28) -> #DIV/0! | M28: =E28+'6-30-22'!M28 -> 2362 | N28: =M28/C28 -> 0.77697368 | O28: =J28+'6-30-22'!O28 -> 621.25 | P28: =M28/O28 -> 3.8020121
B30: Install 100 Mil Cover | C30: 123400 | J30: =F30*G30+H30*I30 -> 0 | K30: =E30/(J30) -> #DIV/0! | M30: =E30+'6-30-22'!M30 -> 123400 | N30: =M30/C30 -> 1 | O30: =J30+'6-30-22'!O30 -> 645.5 | P30: =M30/O30 -> 191.16964
B32: Patches & Straps | C32: 303 | J32: =F32*G32+H32*I32 -> 0 | K32: =E32/(J32) -> #DIV/0! | M32: =E32+'6-30-22'!M32 -> 303 | N32: =M32/C32 -> 1 | O32: =J32+'6-30-22'!O32 -> 166.5 | P32: =M32/O32 -> 1.8198198
B34: 60 Mil Cover & Foam | C34: 115000 | E34: 4680 liner | F34: 9 | G34: 9 | J34: =F34*G34+H34*I34 -> 81 | K34: =E34/(J34) -> #VALUE! | M34: =E34+'6-30-22'!M34 -> #VALUE! | N34: =M34/C34 -> #VALUE! | O34: =J34+'6-30-22'!O34 -> 198 | P34: =M34/O34 -> #VALUE!
E35: 4680 foam
B36: Sample Ports | C36: 8 | J36: =F36*G36+H36*I36 -> 0 | K36: =E36/(J36) -> #DIV/0! | M36: =E36+'6-30-22'!M36 -> 8 | N36: =M36/C36 -> 1 | O36: =J36+'6-30-22'!O36 -> 69 | P36: =M36/O36 -> 0.11594203
B38: Ballast Pipes | C38: =2760+480 -> 3240 | J38: =F38*G38+H38*I38 -> 0 | K38: =E38/(J38) -> #DIV/0! | M38: =E38+'6-30-22'!M38 -> 1635 | N38: =M38/C38 -> 0.50462963 | O38: =J38+'6-30-22'!O38 -> 72 | P38: =M38/O38 -> 22.708333
B40: Grout (123/HR) | C40: 123 | J40: =F40*G40+H40*I40 -> 0 | K40: =E40/(J40) -> #DIV/0! | M40: =E40+'6-30-22'!M40 -> 0 | N40: =M40/C40 -> 0 | O40: =J40+'6-30-22'!O40 -> 0 | P40: =M40/O40 -> #DIV/0!
B42: Owner/Contractor Delay | J42: =F42*G42+H42*I42 -> 0 | K42: =E42/(J42) -> #DIV/0! | M42: =E42+'6-30-22'!M42 -> 0 | N42: =M42/C42 -> #VALUE! | O42: =J42+'6-30-22'!O42 -> 0 | P42: =M42/O42 -> #DIV/0!
B44: Work Outside Original Scope | J44: =F44*G44+H44*I44 -> 0 | K44: =E44/(J44) -> #DIV/0! | M44: =E44+'6-30-22'!M44 -> #VALUE! | N44: =M44/C44 -> #VALUE! | O44: =J44+'6-30-22'!O44 -> 99 | P44: =M44/O44 -> #VALUE!
B46: Weather Delay | J46: =F46*G46+H46*I46 -> 0 | K46: =E46/(J46) -> #DIV/0! | M46: =E46+'6-30-22'!M46 -> 0 | N46: =M46/C46 -> #DIV/0! | O46: =J46+'6-30-22'!O46 -> 253.5 | P46: =M46/O46 -> 0
B47: Total: | J47: =J20+J22+J24+J26+J28+J30+J32+J34+J36+J38+J40+J42+J44+J46 -> 81 | O47: =O20+O22+O24+O26+O28+O30+O32+O34+O36+O38+O40+O42+O44+O46 -> 3483.5
B49: NOTES: | C49: 4680 sqft 60 mil. Liner 4680 sqft foam will weld tomorrow morning | D49: 6830 sqft foam insl. Will welded 60 mil. Tomorrow
B51: TEMP: | C51: L - 69 H - 95
B53: WEATHER: | C53: MOSTLY SUNNY THIS MORNING THEN BECOMING PARTLY CLOUDY HIGHS IN THE 90s
C54: south winds around 15 mph

Sheet 6-30-22
A1: Daily Production Log
B3: Job: | C3: SW Cheese | F3: Total Budgeted Hours: | G3: 4355 | H3: Total Job Days: | I3: 49 | N3: Lost Time Due to Weather | Q3: 1 Day | R3: 44702
B4: Project Number: | C4: 300155 | F4: Total Hours to Date: | G4: =N16+'6-29-22'!G4 -> 3402.5 | H4: No. of days to date: | I4: 46 | Q4: 1 Day | R4: 44732
B5: Date of Report | C5: 44742 | G5: =G4/G3 -> 0.78128588 | I5: =I4/I3 -> 0.93877551
A7: Personnel | C7: Name | E7: Hours | F7: Veh. No. | H7: Name | J7: Hours | L7: Name | N7: Hours | O7: Veh. No.
A8: 1 | B8: Super: | C8: JOHNSTON, B. (Walter) | E8: 9 | F8: 66 | G8: 9 | H8: GONZALES, M. (Marcos) | J8: 9 | K8: 17 | L8: Ketkeo Douanglamany -KK | O8: 83
A9: 2 | B9: Foreman: | C9: CRUZ, L. (Lucas) | E9: 9 | G9: 10 | H9: Chanhorm Phaysakda | K9: 18 | L9: Max Chan Keomany | O9: 84
A10: 3 | B10: QC: | C10: *NIETO, M. (Mario) | E10: 9 | F10: 78 | G10: 11 | H10: Vongsavanh Phaysakda | K10: 19 | L10: Boualaphanh Phanmaha | O10: 81
A11: 4 | B11: Techs: | C11: HERNANDEZ, B. (Bonofocio) | E11: 9 | G11: 12 | H11: Thai Vilaboud | K11: 20 | L11: Khengkham Lovan Siriphom | O11: 79
A12: 5 | C12: ROMERO, J. (Jose) | E12: 9 | G12: 13 | H12: Khamtanh Xaymonty | K12: 21 | L12: Soudsamay Phouthavong Lovan
A13: 6 | C13: *LOPEZ, J. (Jamie) | E13: 9 | F13: 74 | G13: 14 | H13: Phichet Munwong | K13: 22
A14: 7 | C14: MORGAN, L (Luke) | E14: 9 | G14: 15 | H14: Phouangsavanh Thammavongsa | K14: 23
A15: 8 | C15: NELCA, D. (Dennis) | E15: 9 | G15: 16 | H15: Khamphone Sihavong | K15: 24
L16: TOTAL | N16: =E8+E9+E10+E11+E12+E13+E14+E15+J8+J9+J10+J11+J12+J13+J14+J15+N8+N9+N10+N11+N12+N13+N14+N15 -> 81
B18: Description | C18: Total Sq Ft | D18: Sq. Ft. per Man Hour | E18: Sq. Ft. per Day | F18: No. Techs | G18: Hours | H18: No. Techs | I18: Hours | J18: Total Hours | K18: Actual Sq. Ft. per Hour | M18: Total Production for Job | N18: % | O18: Total Hours for Job | P18: Production Rate for Total Job
B20: MOB | C20: 1 | D20: 1 | G20: 0 | J20: =F20*G20+H20*I20 -> 0 | K20: =E20/(J20) -> #DIV/0! | M20: 0 | N20: =M20/C20 -> 0 | O20: =J20+'6-29-22'!O20 -> 108 | P20: =M20/O20 -> 0
B22: Remove Insulation Cover (SF) | C22: 125400 | J22: =F22*G22+H22*I22 -> 0 | K22: =E22/(J22) -> #DIV/0! | M22: =E22+'6-29-22'!M22 -> 125400 | N22: =M22/C22 -> 1 | O22: =J22+'6-29-22'!O22 -> 679.75 | P22: =M22/O22 -> 184.47959
B24: Remove Primary Cover (SF) | C24: 125400 | J24: =F24*G24+H24*I24 -> 0 | K24: =E24/(J24) -> #DIV/0! | M24: =E24+'6-29-22'!M24 -> 125400 | N24: =M24/C24 -> 1 | O24: =J24+'6-29-22'!O24 -> 449.75 | P24: =M24/O24 -> 278.82157
B26: Remove Existing Battens | C26: 3040 | J26: =F26*G26+H26*I26 -> 0 | K26: =E26/(J26) -> #DIV/0! | M26: =E26+'6-29-22'!M26 -> 3040 | N26: =M26/C26 -> 1 | O26: =J26+'6-29-22'!O26 -> 121.25 | P26: =M26/O26 -> 25.072165
B28: Installation New Batttens | C28: 3040 | E28: 200 | F28: 9 | G28: 6 | J28: =F28*G28+H28*I28 -> 54 | K28: =E28/(J28) -> 3.7037037 | M28: =E28+'6-29-22'!M28 -> 2362 | N28: =M28/C28 -> 0.77697368 | O28: =J28+'6-29-22'!O28 -> 621.25 | P28: =M28/O28 -> 3.8020121
B30: Install 100 Mil Cover | C30: 123400 | J30: =F30*G30+H30*I30 -> 0 | K30: =E30/(J30) -> #DIV/0! | M30: =E30+'6-29-22'!M30 -> 123400 | N30: =M30/C30 -> 1 | O30: =J30+'6-29-22'!O30 -> 645.5 | P30: =M30/O30 -> 191.16964
B32: Patches & Straps | C32: 303 | J32: =F32*G32+H32*I32 -> 0 | K32: =E32/(J32) -> #DIV/0! | M32: =E32+'6-29-22'!M32 -> 303 | N32: =M32/C32 -> 1 | O32: =J32+'6-29-22'!O32 -> 166.5 | P32: =M32/O32 -> 1.8198198
B34: 60 Mil Cover & Foam | C34: 115000 | D34: Burn Holes | F34: 9 | G34: 3 | J34: =F34*G34+H34*I34 -> 27 | K34: =E34/(J34) -> 0 | M34: =E34+'6-29-22'!M34 -> 0 | N34: =M34/C34 -> 0 | O34: =J34+'6-29-22'!O34 -> 117 | P34: =M34/O34 -> 0
D35: In Foam 210
B36: Sample Ports | C36: 8 | J36: =F36*G36+H36*I36 -> 0 | K36: =E36/(J36) -> #DIV/0! | M36: =E36+'6-29-22'!M36 -> 8 | N36: =M36/C36 -> 1 | O36: =J36+'6-29-22'!O36 -> 69 | P36: =M36/O36 -> 0.11594203
B38: Ballast Pipes | C38: =2760+480 -> 3240 | J38: =F38*G38+H38*I38 -> 0 | K38: =E38/(J38) -> #DIV/0! | M38: =E38+'6-29-22'!M38 -> 1635 | N38: =M38/C38 -> 0.50462963 | O38: =J38+'6-29-22'!O38 -> 72 | P38: =M38/O38 -> 22.708333
B40: Grout (123/HR) | C40: 123 | J40: =F40*G40+H40*I40 -> 0 | K40: =E40/(J40) -> #DIV/0! | M40: =E40+'6-29-22'!M40 -> 0 | N40: =M40/C40 -> 0 | O40: =J40+'6-29-22'!O40 -> 0 | P40: =M40/O40 -> #DIV/0!
B42: Owner/Contractor Delay | J42: =F42*G42+H42*I42 -> 0 | K42: =E42/(J42) -> #DIV/0! | M42: =E42+'6-29-22'!M42 -> 0 | N42: =M42/C42 -> #VALUE! | O42: =J42+'6-29-22'!O42 -> 0 | P42: =M42/O42 -> #DIV/0!
B44: Work Outside Original Scope | J44: =F44*G44+H44*I44 -> 0 | K44: =E44/(J44) -> #DIV/0! | M44: =E44+'6-29-22'!M44 -> #VALUE! | N44: =M44/C44 -> #VALUE! | O44: =J44+'6-29-22'!O44 -> 99 | P44: =M44/O44 -> #VALUE!
B46: Weather Delay | J46: =F46*G46+H46*I46 -> 0 | K46: =E46/(J46) -> #DIV/0! | M46: =E46+'6-29-22'!M46 -> 0 | N46: =M46/C46 -> #DIV/0! | O46: =J46+'6-29-22'!O46 -> 253.5 | P46: =M46/O46 -> 0
B47: Total: | J47: =J20+J22+J24+J26+J28+J30+J32+J34+J36+J38+J40+J42+J44+J46 -> 81 | O47: =O20+O22+O24+O26+O28+O30+O32+O34+O36+O38+O40+O42+O44+O46 -> 3402.5
B49: NOTES: | C49: BURNED HOLES IN FOAM (210 HOLES ) SET GASKET + EPOXY + ANCHOR BOLTS
B51: TEMP: | C51: L -64 H - 93
B53: WEATHER: | C53: BREEZY HOT MOSTLY SUNNY HIGH IN THE 90s SOUTHWEST WINDS 15 TO 25 MPH

Sheet 6-29-22
A1: Daily Production Log
B3: Job: | C3: SW Cheese | F3: Total Budgeted Hours: | G3: 4355 | H3: Total Job Days: | I3: 49 | N3: Lost Time Due to Weather | Q3: 1 Day | R3: 44702
B4: Project Number: | C4: 300155 | F4: Total Hours to Date: | G4: =J16+'6-28-22'!G4 -> 3321.5 | H4: No. of days to date: | I4: 45 | Q4: 1 Day | R4: 44732
B5: Date of Report | C5: 44741 | G5: =G4/G3 -> 0.76268657 | I5: =I4/I3 -> 0.91836735
A7: Personnel | C7: Name | E7: Hours | F7: Veh. No. | H7: Name | J7: Hours
A8: 1 | B8: Super: | C8: JOHNSTON, B. (Walter) | E8: 9 | F8: 66 | G8: 9 | H8: GONZALES, M. (Marcos) | J8: 9
A9: 2 | B9: Foreman: | C9: CRUZ, L. (Lucas) | E9: 9 | G9: 10
A10: 3 | B10: QC: | C10: *NIETO, M. (Mario) | E10: 9 | F10: 78 | G10: 11
A11: 4 | B11: Techs: | C11: HERNANDEZ, B. (Bonofocio) | E11: 9 | G11: 12
A12: 5 | C12: ROMERO, J. (Jose) | E12: 9 | G12: 13
A13: 6 | C13: *LOPEZ, J. (Jamie) | E13: 9 | F13: 74 | G13: 14
A14: 7 | C14: MORGAN, L (Luke) | E14: 9 | G14: 15
A15: 8 | C15: NELCA, D. (Dennis) | E15: 9 | G15: 16
H16: TOTAL | J16: =SUM(E8:E15)+SUM(J8:J15) -> 81
B18: Description | C18: Total Sq Ft | D18: Sq. Ft. per Man Hour | E18: Sq. Ft. per Day | F18: No. Techs | G18: Hours | H18: No. Techs | I18: Hours | J18: Total Hours | K18: Actual Sq. Ft. per Hour | M18: Total Production for Job | N18: % | O18: Total Hours for Job | P18: Production Rate for Total Job
B20: MOB | C20: 1 | D20: 1 | G20: 0 | J20: =F20*G20+H20*I20 -> 0 | K20: =E20/(J20) -> #DIV/0! | M20: 0 | N20: =M20/C20 -> 0 | O20: =J20+'6-28-22'!O20 -> 108 | P20: =M20/O20 -> 0
B22: Remove Insulation Cover (SF) | C22: 125400 | J22: =F22*G22+H22*I22 -> 0 | K22: =E22/(J22) -> #DIV/0! | M22: =E22+'6-28-22'!M22 -> 125400 | N22: =M22/C22 -> 1 | O22: =J22+'6-28-22'!O22 -> 679.75 | P22: =M22/O22 -> 184.47959
B24: Remove Primary Cover (SF) | C24: 125400 | J24: =F24*G24+H24*I24 -> 0 | K24: =E24/(J24) -> #DIV/0! | M24: =E24+'6-28-22'!M24 -> 125400 | N24: =M24/C24 -> 1 | O24: =J24+'6-28-22'!O24 -> 449.75 | P24: =M24/O24 -> 278.82157
B26: Remove Existing Battens | C26: 3040 | J26: =F26*G26+H26*I26 -> 0 | K26: =E26/(J26) -> #DIV/0! | M26: =E26+'6-28-22'!M26 -> 3040 | N26: =M26/C26 -> 1 | O26: =J26+'6-28-22'!O26 -> 121.25 | P26: =M26/O26 -> 25.072165
B28: Installation New Batttens | C28: 3040 | E28: 285 | F28: 9 | G28: 6 | J28: =F28*G28+H28*I28 -> 54 | K28: =E28/(J28) -> 5.2777778 | M28: =E28+'6-28-22'!M28 -> 2162 | N28: =M28/C28 -> 0.71118421 | O28: =J28+'6-28-22'!O28 -> 567.25 | P28: =M28/O28 -> 3.8113706
B30: Install 100 Mil Cover | C30: 123400 | J30: =F30*G30+H30*I30 -> 0 | K30: =E30/(J30) -> #DIV/0! | M30: =E30+'6-28-22'!M30 -> 123400 | N30: =M30/C30 -> 1 | O30: =J30+'6-28-22'!O30 -> 645.5 | P30: =M30/O30 -> 191.16964
B32: Patches & Straps | C32: 303 | J32: =F32*G32+H32*I32 -> 0 | K32: =E32/(J32) -> #DIV/0! | M32: =E32+'6-28-22'!M32 -> 303 | N32: =M32/C32 -> 1 | O32: =J32+'6-28-22'!O32 -> 166.5 | P32: =M32/O32 -> 1.8198198
B34: 60 Mil Cover & Foam | C34: 115000 | D34: Burned Holes | F34: 9 | G34: 3 | J34: =F34*G34+H34*I34 -> 27 | K34: =E34/(J34) -> 0 | M34: =E34+'6-28-22'!M34 -> 0 | N34: =M34/C34 -> 0 | O34: =J34+'6-28-22'!O34 -> 90 | P34: =M34/O34 -> 0
D35: In Foam
B36: Sample Ports | C36: 8 | J36: =F36*G36+H36*I36 -> 0 | K36: =E36/(J36) -> #DIV/0! | M36: =E36+'6-28-22'!M36 -> 8 | N36: =M36/C36 -> 1 | O36: =J36+'6-28-22'!O36 -> 69 | P36: =M36/O36 -> 0.11594203
B38: Ballast Pipes | C38: =2760+480 -> 3240 | J38: =F38*G38+H38*I38 -> 0 | K38: =E38/(J38) -> #DIV/0! | M38: =E38+'6-28-22'!M38 -> 1635 | N38: =M38/C38 -> 0.50462963 | O38: =J38+'6-28-22'!O38 -> 72 | P38: =M38/O38 -> 22.708333
B40: Grout (123/HR) | C40: 123 | J40: =F40*G40+H40*I40 -> 0 | K40: =E40/(J40) -> #DIV/0! | M40: =E40+'6-28-22'!M40 -> 0 | N40: =M40/C40 -> 0 | O40: =J40+'6-28-22'!O40 -> 0 | P40: =M40/O40 -> #DIV/0!
B42: Owner/Contractor Delay | J42: =F42*G42+H42*I42 -> 0 | K42: =E42/(J42) -> #DIV/0! | M42: =E42+'6-28-22'!M42 -> 0 | N42: =M42/C42 -> #VALUE! | O42: =J42+'6-28-22'!O42 -> 0 | P42: =M42/O42 -> #DIV/0!
B44: Work Outside Original Scope | J44: =F44*G44+H44*I44 -> 0 | K44: =E44/(J44) -> #DIV/0! | M44: =E44+'6-28-22'!M44 -> #VALUE! | N44: =M44/C44 -> #VALUE! | O44: =J44+'6-28-22'!O44 -> 99 | P44: =M44/O44 -> #VALUE!
B46: Weather Delay | J46: =F46*G46+H46*I46 -> 0 | K46: =E46/(J46) -> #DIV/0! | M46: =E46+'6-28-22'!M46 -> 0 | N46: =M46/C46 -> #DIV/0! | O46: =J46+'6-27-22'!O46 -> 253.5 | P46: =M46/O46 -> 0
B47: Total: | J47: =J20+J22+J24+J26+J28+J30+J32+J34+J36+J38+J40+J42+J44+J46 -> 81 | O47: =O20+O22+O24+O26+O28+O30+O32+O34+O36+O38+O40+O42+O44+O46 -> 3321.5
B49: NOTES: | C49: BURNED HOLES IN FOAM 180 PCS 285 FT. GASKET + EPOXY + ANCHOR BOLTS
B51: TEMP: | C51: L -64 H - 88
B53: WEATHER: | C53: MOSTLY SUNNY HIGHS IN THE UPPER 80s SOUTHWEST WINDS AROUND 15 MPH

Sheet 6-28-22
A1: Daily Production Log
B3: Job: | C3: SW Cheese | F3: Total Budgeted Hours: | G3: 4355 | H3: Total Job Days: | I3: 49 | N3: Lost Time Due to Weather | Q3: 1 Day | R3: 44702
B4: Project Number: | C4: 300155 | F4: Total Hours to Date: | G4: =J16+'6-27-22'!G4 -> 3240.5 | H4: No. of days to date: | I4: 44 | Q4: 1 Day | R4: 44732
B5: Date of Report | C5: 44740 | G5: =G4/G3 -> 0.74408726 | I5: =I4/I3 -> 0.89795918
A7: Personnel | C7: Name | E7: Hours | F7: Veh. No. | H7: Name | J7: Hours
A8: 1 | B8: Super: | C8: JOHNSTON, B. (Walter) | E8: 9 | F8: 66 | G8: 9 | H8: GONZALES, M. (Marcos) | J8: 9
A9: 2 | B9: Foreman: | C9: CRUZ, L. (Lucas) | E9: 9 | G9: 10
A10: 3 | B10: QC: | C10: *NIETO, M. (Mario) | E10: 9 | F10: 78 | G10: 11
A11: 4 | B11: Techs: | C11: HERNANDEZ, B. (Bonofocio) | E11: 9 | G11: 12
A12: 5 | C12: ROMERO, J. (Jose) | E12: 9 | G12: 13
A13: 6 | C13: *LOPEZ, J. (Jamie) | E13: 9 | F13: 74 | G13: 14
A14: 7 | C14: MORGAN, L (Luke) | E14: 9 | G14: 15
A15: 8 | C15: NELCA, D. (Dennis) | E15: 9 | G15: 16
H16: TOTAL | J16: =SUM(E8:E15)+SUM(J8:J15) -> 81
B18: Description | C18: Total Sq Ft | D18: Sq. Ft. per Man Hour | E18: Sq. Ft. per Day | F18: No. Techs | G18: Hours | H18: No. Techs | I18: Hours | J18: Total Hours | K18: Actual Sq. Ft. per Hour | M18: Total Production for Job | N18: % | O18: Total Hours for Job | P18: Production Rate for Total Job
B20: MOB | C20: 1 | D20: 1 | G20: 0 | J20: =F20*G20+H20*I20 -> 0 | K20: =E20/(J20) -> #DIV/0! | M20: 0 | N20: =M20/C20 -> 0 | O20: =J20+'6-27-22'!O20 -> 108 | P20: =M20/O20 -> 0
B22: Remove Insulation Cover (SF) | C22: 125400 | J22: =F22*G22+H22*I22 -> 0 | K22: =E22/(J22) -> #DIV/0! | M22: =E22+'6-27-22'!M22 -> 125400 | N22: =M22/C22 -> 1 | O22: =J22+'6-27-22'!O22 -> 679.75 | P22: =M22/O22 -> 184.47959
B24: Remove Primary Cover (SF) | C24: 125400 | J24: =F24*G24+H24*I24 -> 0 | K24: =E24/(J24) -> #DIV/0! | M24: =E24+'6-27-22'!M24 -> 125400 | N24: =M24/C24 -> 1 | O24: =J24+'6-27-22'!O24 -> 449.75 | P24: =M24/O24 -> 278.82157
B26: Remove Existing Battens | C26: 3040 | J26: =F26*G26+H26*I26 -> 0 | K26: =E26/(J26) -> #DIV/0! | M26: =E26+'6-27-22'!M26 -> 3040 | N26: =M26/C26 -> 1 | O26: =J26+'6-27-22'!O26 -> 121.25 | P26: =M26/O26 -> 25.072165
B28: Installation New Batttens | C28: 3040 | E28: 330 | F28: 9 | G28: 6 | J28: =F28*G28+H28*I28 -> 54 | K28: =E28/(J28) -> 6.1111111 | M28: =E28+'6-27-22'!M28 -> 1877 | N28: =M28/C28 -> 0.61743421 | O28: =J28+'6-27-22'!O28 -> 513.25 | P28: =M28/O28 -> 3.6570872
B30: Install 100 Mil Cover | C30: 123400 | J30: =F30*G30+H30*I30 -> 0 | K30: =E30/(J30) -> #DIV/0! | M30: =E30+'6-27-22'!M30 -> 123400 | N30: =M30/C30 -> 1 | O30: =J30+'6-27-22'!O30 -> 645.5 | P30: =M30/O30 -> 191.16964
B32: Patches & Straps | C32: 303 | J32: =F32*G32+H32*I32 -> 0 | K32: =E32/(J32) -> #DIV/0! | M32: =E32+'6-27-22'!M32 -> 303 | N32: =M32/C32 -> 1 | O32: =J32+'6-27-22'!O32 -> 166.5 | P32: =M32/O32 -> 1.8198198
B34: 60 Mil Cover & Foam | C34: 115000 | F34: 9 | G34: 3 | J34: =F34*G34+H34*I34 -> 27 | K34: =E34/(J34) -> 0 | M34: =E34+'6-27-22'!M34 -> 0 | N34: =M34/C34 -> 0 | O34: =J34+'6-27-22'!O34 -> 63 | P34: =M34/O34 -> 0
B36: Sample Ports | C36: 8 | J36: =F36*G36+H36*I36 -> 0 | K36: =E36/(J36) -> #DIV/0! | M36: =E36+'6-27-22'!M36 -> 8 | N36: =M36/C36 -> 1 | O36: =J36+'6-27-22'!O36 -> 69 | P36: =M36/O36 -> 0.11594203
B38: Ballast Pipes | C38: =2760+480 -> 3240 | J38: =F38*G38+H38*I38 -> 0 | K38: =E38/(J38) -> #DIV/0! | M38: =E38+'6-27-22'!M38 -> 1635 | N38: =M38/C38 -> 0.50462963 | O38: =J38+'6-27-22'!O38 -> 72 | P38: =M38/O38 -> 22.708333
B40: Grout (123/HR) | C40: 123 | J40: =F40*G40+H40*I40 -> 0 | K40: =E40/(J40) -> #DIV/0! | M40: =E40+'6-27-22'!M40 -> 0 | N40: =M40/C40 -> 0 | O40: =J40+'6-27-22'!O40 -> 0 | P40: =M40/O40 -> #DIV/0!
B42: Owner/Contractor Delay | J42: =F42*G42+H42*I42 -> 0 | K42: =E42/(J42) -> #DIV/0! | M42: =E42+'6-27-22'!M42 -> 0 | N42: =M42/C42 -> #VALUE! | O42: =J42+'6-27-22'!O42 -> 0 | P42: =M42/O42 -> #DIV/0!
B44: Work Outside Original Scope | J44: =F44*G44+H44*I44 -> 0 | K44: =E44/(J44) -> #DIV/0! | M44: =E44+'6-27-22'!M44 -> #VALUE! | N44: =M44/C44 -> #VALUE! | O44: =J44+'6-27-22'!O44 -> 99 | P44: =M44/O44 -> #VALUE!
B46: Weather Delay | J46: =F46*G46+H46*I46 -> 0 | K46: =E46/(J46) -> #DIV/0! | M46: =E46+'6-27-22'!M46 -> 0 | N46: =M46/C46 -> #DIV/0! | O46: =J46+'6-27-22'!O46 -> 253.5 | P46: =M46/O46 -> 0
B47: Total: | J47: =J20+J22+J24+J26+J28+J30+J32+J34+J36+J38+J40+J42+J44+J46 -> 81 | O47: =O20+O22+O24+O26+O28+O30+O32+O34+O36+O38+O40+O42+O44+O46 -> 3240.5
B49: NOTES: | C49: BURNED HOLES 155 PC.OF FOAM SET 330FT. OF GASKET + EPOXY + ANCHOR BOLTS
B51: TEMP: | C51: L -65 H - 82
B53: WEATHER: | C53: MOSTLY CLOUDY THIS THEN BECOMING PARTLY CLOUDY SLIGHT CHANCE OF SHOWERS +THUNDERSTORMS HIGHS IN THE 80s
C54: SOUTH WINDS AROUND 15 THIS AFTERNOON CHANCE OF RAIN 20 PERCENT

Sheet 6-27-22
A1: Daily Production Log
B3: Job: | C3: SW Cheese | F3: Total Budgeted Hours: | G3: 4355 | H3: Total Job Days: | I3: 49 | N3: Lost Time Due to Weather | Q3: 1 Day | R3: 44702
B4: Project Number: | C4: 300155 | F4: Total Hours to Date: | G4: =J16+'6-26-22'!G4 -> 3159.5 | H4: No. of days to date: | I4: 43 | Q4: 1 Day | R4: 44732
B5: Date of Report | C5: 44739 | G5: =G4/G3 -> 0.72548794 | I5: =I4/I3 -> 0.87755102
A7: Personnel | C7: Name | E7: Hours | F7: Veh. No. | H7: Name | J7: Hours
A8: 1 | B8: Super: | C8: JOHNSTON, B. (Walter) | E8: 9.5 | F8: 66 | G8: 9 | H8: GONZALES, M. (Marcos) | J8: 9.5
A9: 2 | B9: Foreman: | C9: CRUZ, L. (Lucas) | E9: 9.5 | G9: 10
A10: 3 | B10: QC: | C10: *NIETO, M. (Mario) | E10: 9.5 | F10: 78 | G10: 11
A11: 4 | B11: Techs: | C11: HERNANDEZ, B. (Bonofocio) | E11: 9.5 | G11: 12
A12: 5 | C12: ROMERO, J. (Jose) | E12: 9.5 | G12: 13
A13: 6 | C13: *LOPEZ, J. (Jamie) | E13: 9.5 | F13: 74 | G13: 14
A14: 7 | C14: MORGAN, L (Luke) | E14: 9.5 | G14: 15
A15: 8 | C15: NELCA, D. (Dennis) | E15: 9.5 | G15: 16
H16: TOTAL | J16: =SUM(E8:E15)+SUM(J8:J15) -> 85.5
B18: Description | C18: Total Sq Ft | D18: Sq. Ft. per Man Hour | E18: Sq. Ft. per Day | F18: No. Techs | G18: Hours | H18: No. Techs | I18: Hours | J18: Total Hours | K18: Actual Sq. Ft. per Hour | M18: Total Production for Job | N18: % | O18: Total Hours for Job | P18: Production Rate for Total Job
B20: MOB | C20: 1 | D20: 1 | G20: 0 | J20: =F20*G20+H20*I20 -> 0 | K20: =E20/(J20) -> #DIV/0! | M20: 0 | N20: =M20/C20 -> 0 | O20: =J20+'6-26-22'!O20 -> 108 | P20: =M20/O20 -> 0
B22: Remove Insulation Cover (SF) | C22: 125400 | J22: =F22*G22+H22*I22 -> 0 | K22: =E22/(J22) -> #DIV/0! | M22: =E22+'6-26-22'!M22 -> 125400 | N22: =M22/C22 -> 1 | O22: =J22+'6-26-22'!O22 -> 679.75 | P22: =M22/O22 -> 184.47959
B24: Remove Primary Cover (SF) | C24: 125400 | J24: =F24*G24+H24*I24 -> 0 | K24: =E24/(J24) -> #DIV/0! | M24: =E24+'6-26-22'!M24 -> 125400 | N24: =M24/C24 -> 1 | O24: =J24+'6-26-22'!O24 -> 449.75 | P24: =M24/O24 -> 278.82157
B26: Remove Existing Battens | C26: 3040 | E26: 1524 | J26: =F26*G26+H26*I26 -> 0 | K26: =E26/(J26) -> #DIV/0! | M26: =E26+'6-26-22'!M26 -> 3040 | N26: =M26/C26 -> 1 | O26: =J26+'6-26-22'!O26 -> 121.25 | P26: =M26/O26 -> 25.072165
B28: Installation New Batttens | C28: 3040 | E28: 243 | F28: 9 | G28: 5.5 | J28: =F28*G28+H28*I28 -> 49.5 | K28: =E28/(J28) -> 4.9090909 | M28: =E28+'6-26-22'!M28 -> 1547 | N28: =M28/C28 -> 0.50888158 | O28: =J28+'6-26-22'!O28 -> 459.25 | P28: =M28/O28 -> 3.3685357
B30: Install 100 Mil Cover | C30: 123400 | J30: =F30*G30+H30*I30 -> 0 | K30: =E30/(J30) -> #DIV/0! | M30: =E30+'6-26-22'!M30 -> 123400 | N30: =M30/C30 -> 1 | O30: =J30+'6-26-22'!O30 -> 645.5 | P30: =M30/O30 -> 191.16964
B32: Patches & Straps | C32: 303 | J32: =F32*G32+H32*I32 -> 0 | K32: =E32/(J32) -> #DIV/0! | M32: =E32+'6-26-22'!M32 -> 303 | N32: =M32/C32 -> 1 | O32: =J32+'6-26-22'!O32 -> 166.5 | P32: =M32/O32 -> 1.8198198
B34: 60 Mil Cover & Foam | C34: 115000 | D34: Burned holes | F34: 9 | G34: 4 | J34: =F34*G34+H34*I34 -> 36 | K34: =E34/(J34) -> 0 | M34: =E34+'6-26-22'!M34 -> 0 | N34: =M34/C34 -> 0 | O34: =J34+'6-26-22'!O34 -> 36 | P34: =M34/O34 -> 0
D35: in foam
B36: Sample Ports | C36: 8 | J36: =F36*G36+H36*I36 -> 0 | K36: =E36/(J36) -> #DIV/0! | M36: =E36+'6-26-22'!M36 -> 8 | N36: =M36/C36 -> 1 | O36: =J36+'6-26-22'!O36 -> 69 | P36: =M36/O36 -> 0.11594203
B38: Ballast Pipes | C38: =2760+480 -> 3240 | J38: =F38*G38+H38*I38 -> 0 | K38: =E38/(J38) -> #DIV/0! | M38: =E38+'6-26-22'!M38 -> 1635 | N38: =M38/C38 -> 0.50462963 | O38: =J38+'6-26-22'!O38 -> 72 | P38: =M38/O38 -> 22.708333
B40: Grout (123/HR) | C40: 123 | J40: =F40*G40+H40*I40 -> 0 | K40: =E40/(J40) -> #DIV/0! | M40: =E40+'6-26-22'!M40 -> 0 | N40: =M40/C40 -> 0 | O40: =J40+'6-26-22'!O40 -> 0 | P40: =M40/O40 -> #DIV/0!
B42: Owner/Contractor Delay | J42: =F42*G42+H42*I42 -> 0 | K42: =E42/(J42) -> #DIV/0! | M42: =E42+'6-26-22'!M42 -> 0 | N42: =M42/C42 -> #VALUE! | O42: =J42+'6-26-22'!O42 -> 0 | P42: =M42/O42 -> #DIV/0!
B44: Work Outside Original Scope | J44: =F44*G44+H44*I44 -> 0 | K44: =E44/(J44) -> #DIV/0! | M44: =E44+'6-26-22'!M44 -> #VALUE! | N44: =M44/C44 -> #VALUE! | O44: =J44+'6-26-22'!O44 -> 99 | P44: =M44/O44 -> #VALUE!
B46: Weather Delay | J46: =F46*G46+H46*I46 -> 0 | K46: =E46/(J46) -> #DIV/0! | M46: =E46+'6-26-22'!M46 -> 0 | N46: =M46/C46 -> #DIV/0! | O46: =J46+'6-26-22'!O46 -> 253.5 | P46: =M46/O46 -> 0
B47: Total: | J47: =J20+J22+J24+J26+J28+J30+J32+J34+J36+J38+J40+J42+J44+J46 -> 85.5 | O47: =O20+O22+O24+O26+O28+O30+O32+O34+O36+O38+O40+O42+O44+O46 -> 3159.5
B49: NOTES: | C49: BURNED HOLES IN FOAM + SET GASKET +EPOXY + ANCHOR BOLTS
B51: TEMP: | C51: L -59 H -82
B53: WEATHER: | C53: MOSTLY CLOUDY WITH SCATTERED SHOWERS WINDS 15 TO 25 MPH

Sheet 6-26-22
A1: Daily Production Log
B3: Job: | C3: SW Cheese | F3: Total Budgeted Hours: | G3: 4355 | H3: Total Job Days: | I3: 49 | N3: Lost Time Due to Weather | Q3: 1 Day | R3: 44702
B4: Project Number: | C4: 300155 | F4: Total Hours to Date: | G4: =J16+'6-25-22'!G4 -> 3074 | H4: No. of days to date: | I4: 42 | Q4: 1 Day | R4: 44732
B5: Date of Report | C5: 44738 | G5: =G4/G3 -> 0.70585534 | I5: =I4/I3 -> 0.85714286
A7: Personnel | C7: Name | E7: Hours | F7: Veh. No. | H7: Name | J7: Hours
A8: 1 | B8: Super: | C8: JOHNSTON, B. (Walter) | E8: 8 | F8: 66 | G8: 9 | H8: GONZALES, M. (Marcos) | J8: 8
A9: 2 | B9: Foreman: | C9: CRUZ, L. (Lucas) | E9: 8 | G9: 10
A10: 3 | B10: QC: | C10: *NIETO, M. (Mario) | E10: 8 | F10: 78 | G10: 11
A11: 4 | B11: Techs: | C11: HERNANDEZ, B. (Bonofocio) | E11: 8 | G11: 12
A12: 5 | C12: ROMERO, J. (Jose) | E12: 8 | G12: 13
A13: 6 | C13: *LOPEZ, J. (Jamie) | E13: 8 | F13: 74 | G13: 14
A14: 7 | C14: MORGAN, L (Luke) | E14: 8 | G14: 15
A15: 8 | C15: NELCA, D. (Dennis) | E15: 8 | G15: 16
H16: TOTAL | J16: =SUM(E8:E15)+SUM(J8:J15) -> 72
B18: Description | C18: Total Sq Ft | D18: Sq. Ft. per Man Hour | E18: Sq. Ft. per Day | F18: No. Techs | G18: Hours | H18: No. Techs | I18: Hours | J18: Total Hours | K18: Actual Sq. Ft. per Hour | M18: Total Production for Job | N18: % | O18: Total Hours for Job | P18: Production Rate for Total Job
B20: MOB | C20: 1 | D20: 1 | G20: 0 | J20: =F20*G20+H20*I20 -> 0 | K20: =E20/(J20) -> #DIV/0! | M20: 0 | N20: =M20/C20 -> 0 | O20: =J20+'6-25-22'!O20 -> 108 | P20: =M20/O20 -> 0
B22: Remove Insulation Cover (SF) | C22: 125400 | J22: =F22*G22+H22*I22 -> 0 | K22: =E22/(J22) -> #DIV/0! | M22: =E22+'6-25-22'!M22 -> 125400 | N22: =M22/C22 -> 1 | O22: =J22+'6-25-22'!O22 -> 679.75 | P22: =M22/O22 -> 184.47959
B24: Remove Primary Cover (SF) | C24: 125400 | J24: =F24*G24+H24*I24 -> 0 | K24: =E24/(J24) -> #DIV/0! | M24: =E24+'6-25-22'!M24 -> 125400 | N24: =M24/C24 -> 1 | O24: =J24+'6-25-22'!O24 -> 449.75 | P24: =M24/O24 -> 278.82157
B26: Remove Existing Battens | C26: 3040 | J26: =F26*G26+H26*I26 -> 0 | K26: =E26/(J26) -> #DIV/0! | M26: =E26+'6-25-22'!M26 -> 1516 | N26: =M26/C26 -> 0.49868421 | O26: =J26+'6-25-22'!O26 -> 121.25 | P26: =M26/O26 -> 12.503093
B28: Installation New Batttens | C28: 3040 | E28: 303 | F28: 9 | G28: 8 | J28: =F28*G28+H28*I28 -> 72 | K28: =E28/(J28) -> 4.2083333 | M28: =E28+'6-25-22'!M28 -> 1304 | N28: =M28/C28 -> 0.42894737 | O28: =J28+'6-25-22'!O28 -> 409.75 | P28: =M28/O28 -> 3.1824283
B30: Install 100 Mil Cover | C30: 125400 | J30: =F30*G30+H30*I30 -> 0 | K30: =E30/(J30) -> #DIV/0! | M30: =E30+'6-25-22'!M30 -> 123400 | N30: =M30/C30 -> 0.98405104 | O30: =J30+'6-25-22'!O30 -> 645.5 | P30: =M30/O30 -> 191.16964
B32: Patches & Straps | C32: 303 | J32: =F32*G32+H32*I32 -> 0 | K32: =E32/(J32) -> #DIV/0! | M32: =E32+'6-25-22'!M32 -> 303 | N32: =M32/C32 -> 1 | O32: =J32+'6-25-22'!O32 -> 166.5 | P32: =M32/O32 -> 1.8198198
B34: 60 Mil Cover & Foam | C34: 115000 | J34: =F34*G34+H34*I34 -> 0 | K34: =E34/(J34) -> #DIV/0! | M34: =E34+'6-25-22'!M34 -> 0 | N34: =M34/C34 -> 0 | O34: =J34+'6-25-22'!O34 -> 0 | P34: =M34/O34 -> #DIV/0!
B36: Sample Ports | C36: 8 | J36: =F36*G36+H36*I36 -> 0 | K36: =E36/(J36) -> #DIV/0! | M36: =E36+'6-25-22'!M36 -> 8 | N36: =M36/C36 -> 1 | O36: =J36+'6-25-22'!O36 -> 69 | P36: =M36/O36 -> 0.11594203
B38: Ballast Pipes | C38: =2760+480 -> 3240 | J38: =F38*G38+H38*I38 -> 0 | K38: =E38/(J38) -> #DIV/0! | M38: =E38+'6-25-22'!M38 -> 1635 | N38: =M38/C38 -> 0.50462963 | O38: =J38+'6-25-22'!O38 -> 72 | P38: =M38/O38 -> 22.708333
B40: Grout (123/HR) | C40: 123 | J40: =F40*G40+H40*I40 -> 0 | K40: =E40/(J40) -> #DIV/0! | M40: =E40+'6-25-22'!M40 -> 0 | N40: =M40/C40 -> 0 | O40: =J40+'6-25-22'!O40 -> 0 | P40: =M40/O40 -> #DIV/0!
B42: Owner/Contractor Delay | J42: =F42*G42+H42*I42 -> 0 | K42: =E42/(J42) -> #DIV/0! | M42: =E42+'6-25-22'!M42 -> 0 | N42: =M42/C42 -> #VALUE! | O42: =J42+'6-25-22'!O42 -> 0 | P42: =M42/O42 -> #DIV/0!
B44: Work Outside Original Scope | J44: =F44*G44+H44*I44 -> 0 | K44: =E44/(J44) -> #DIV/0! | M44: =E44+'6-25-22'!M44 -> #VALUE! | N44: =M44/C44 -> #VALUE! | O44: =J44+'6-25-22'!O44 -> 99 | P44: =M44/O44 -> #VALUE!
B46: Weather Delay | J46: =F46*G46+H46*I46 -> 0 | K46: =E46/(J46) -> #DIV/0! | M46: =E46+'6-25-22'!M46 -> 0 | N46: =M46/C46 -> #DIV/0! | O46: =J46+'6-25-22'!O46 -> 253.5 | P46: =M46/O46 -> 0
B47: Total: | J47: =J20+J22+J24+J26+J28+J30+J32+J34+J36+J38+J40+J42+J44+J46 -> 72 | O47: =O20+O22+O24+O26+O28+O30+O32+O34+O36+O38+O40+O42+O44+O46 -> 3074
B49: NOTES: | C49: 303 FT. GASKET + | D49: EPOXY + ANCHOR BOLTS
B51: TEMP: | C51: L -63 H-72
B53: WEATHER: | C53: BREEZY MUCH COOLER MOSTLY CLOUDY ISOLATED SHOWERS THIS MORNING THEN SCATTERED SHOWERS THIS AFTERNOON HIGHS IN
C54: THE LOWERS 70s NORTHEAST WINDS 15 TO 25 CHANCE OF RAIN 30 PERCENT

Sheet 6-25-22
A1: Daily Production Log
B3: Job: | C3: SW Cheese | F3: Total Budgeted Hours: | G3: 4355 | H3: Total Job Days: | I3: 49 | N3: Lost Time Due to Weather | Q3: 1 Day | R3: 44702
B4: Project Number: | C4: 300155 | F4: Total Hours to Date: | G4: =J16+'6-24-22'!G4 -> 3002 | H4: No. of days to date: | I4: 41 | Q4: 1 Day | R4: 44732
B5: Date of Report | C5: 44737 | G5: =G4/G3 -> 0.68932262 | I5: =I4/I3 -> 0.83673469
A7: Personnel | C7: Name | E7: Hours | F7: Veh. No. | H7: Name | J7: Hours
A8: 1 | B8: Super: | C8: JOHNSTON, B. (Walter) | E8: 8 | F8: 66 | G8: 9 | H8: GONZALES, M. (Marcos) | J8: 8
A9: 2 | B9: Foreman: | C9: CRUZ, L. (Lucas) | E9: 8 | G9: 10
A10: 3 | B10: QC: | C10: *NIETO, M. (Mario) | E10: 8 | F10: 78 | G10: 11
A11: 4 | B11: Techs: | C11: HERNANDEZ, B. (Bonofocio) | E11: 8 | G11: 12
A12: 5 | C12: ROMERO, J. (Jose) | E12: 8 | G12: 13
A13: 6 | C13: *LOPEZ, J. (Jamie) | E13: 8 | F13: 74 | G13: 14
A14: 7 | C14: MORGAN, L (Luke) | E14: 8 | G14: 15
A15: 8 | C15: NELCA, D. (Dennis) | E15: 8 | G15: 16
H16: TOTAL | J16: =SUM(E8:E15)+SUM(J8:J15) -> 72
B18: Description | C18: Total Sq Ft | D18: Sq. Ft. per Man Hour | E18: Sq. Ft. per Day | F18: No. Techs | G18: Hours | H18: No. Techs | I18: Hours | J18: Total Hours | K18: Actual Sq. Ft. per Hour | M18: Total Production for Job | N18: % | O18: Total Hours for Job | P18: Production Rate for Total Job
B20: MOB | C20: 1 | D20: 1 | G20: 0 | J20: =F20*G20+H20*I20 -> 0 | K20: =E20/(J20) -> #DIV/0! | M20: 0 | N20: =M20/C20 -> 0 | O20: =J20+'6-24-22'!O20 -> 108 | P20: =M20/O20 -> 0
B22: Remove Insulation Cover (SF) | C22: 125400 | J22: =F22*G22+H22*I22 -> 0 | K22: =E22/(J22) -> #DIV/0! | M22: =E22+'6-24-22'!M22 -> 125400 | N22: =M22/C22 -> 1 | O22: =J22+'6-24-22'!O22 -> 679.75 | P22: =M22/O22 -> 184.47959
B24: Remove Primary Cover (SF) | C24: 125400 | J24: =F24*G24+H24*I24 -> 0 | K24: =E24/(J24) -> #DIV/0! | M24: =E24+'6-24-22'!M24 -> 125400 | N24: =M24/C24 -> 1 | O24: =J24+'6-24-22'!O24 -> 449.75 | P24: =M24/O24 -> 278.82157
B26: Remove Existing Battens | C26: 3040 | J26: =F26*G26+H26*I26 -> 0 | K26: =E26/(J26) -> #DIV/0! | M26: =E26+'6-24-22'!M26 -> 1516 | N26: =M26/C26 -> 0.49868421 | O26: =J26+'6-24-22'!O26 -> 121.25 | P26: =M26/O26 -> 12.503093
B28: Installation New Batttens | C28: 3040 | E28: 148 | F28: 9 | G28: 3 | J28: =F28*G28+H28*I28 -> 27 | K28: =E28/(J28) -> 5.4814815 | M28: =E28+'6-24-22'!M28 -> 1001 | N28: =M28/C28 -> 0.32927632 | O28: =J28+'6-24-22'!O28 -> 337.75 | P28: =M28/O28 -> 2.9637306
B30: Install 100 Mil Cover | C30: 125400 | J30: =F30*G30+H30*I30 -> 0 | K30: =E30/(J30) -> #DIV/0! | M30: =E30+'6-24-22'!M30 -> 123400 | N30: =M30/C30 -> 0.98405104 | O30: =J30+'6-24-22'!O30 -> 645.5 | P30: =M30/O30 -> 191.16964
B32: Patches & Straps | C32: 303 | J32: =F32*G32+H32*I32 -> 0 | K32: =E32/(J32) -> #DIV/0! | M32: =E32+'6-24-22'!M32 -> 303 | N32: =M32/C32 -> 1 | O32: =J32+'6-24-22'!O32 -> 166.5 | P32: =M32/O32 -> 1.8198198
B34: 60 Mil Cover & Foam | C34: 115000 | J34: =F34*G34+H34*I34 -> 0 | K34: =E34/(J34) -> #DIV/0! | M34: =E34+'6-24-22'!M34 -> 0 | N34: =M34/C34 -> 0 | O34: =J34+'6-24-22'!O34 -> 0 | P34: =M34/O34 -> #DIV/0!
B36: Sample Ports | C36: 8 | D36: 1 Emergency | E36: 8 | F36: 9 | G36: 5 | J36: =F36*G36+H36*I36 -> 45 | K36: =E36/(J36) -> 0.17777778 | M36: =E36+'6-24-22'!M36 -> 8 | N36: =M36/C36 -> 1 | O36: =J36+'6-24-22'!O36 -> 69 | P36: =M36/O36 -> 0.11594203
D37: Vent
B38: Ballast Pipes | C38: =2760+480 -> 3240 | J38: =F38*G38+H38*I38 -> 0 | K38: =E38/(J38) -> #DIV/0! | M38: =E38+'6-24-22'!M38 -> 1635 | N38: =M38/C38 -> 0.50462963 | O38: =J38+'6-24-22'!O38 -> 72 | P38: =M38/O38 -> 22.708333
B40: Grout (123/HR) | C40: 123 | J40: =F40*G40+H40*I40 -> 0 | K40: =E40/(J40) -> #DIV/0! | M40: =E40+'6-24-22'!M40 -> 0 | N40: =M40/C40 -> 0 | O40: =J40+'6-24-22'!O40 -> 0 | P40: =M40/O40 -> #DIV/0!
B42: Owner/Contractor Delay | J42: =F42*G42+H42*I42 -> 0 | K42: =E42/(J42) -> #DIV/0! | M42: =E42+'6-24-22'!M42 -> 0 | N42: =M42/C42 -> #VALUE! | O42: =J42+'6-24-22'!O42 -> 0 | P42: =M42/O42 -> #DIV/0!
B44: Work Outside Original Scope | J44: =F44*G44+H44*I44 -> 0 | K44: =E44/(J44) -> #DIV/0! | M44: =E44+'6-24-22'!M44 -> #VALUE! | N44: =M44/C44 -> #VALUE! | O44: =J44+'6-24-22'!O44 -> 99 | P44: =M44/O44 -> #VALUE!
B46: Weather Delay | J46: =F46*G46+H46*I46 -> 0 | K46: =E46/(J46) -> #DIV/0! | M46: =E46+'6-24-22'!M46 -> 0 | N46: =M46/C46 -> #DIV/0! | O46: =J46+'6-24-22'!O46 -> 253.5 | P46: =M46/O46 -> 0
B47: Total: | J47: =J20+J22+J24+J26+J28+J30+J32+J34+J36+J38+J40+J42+J44+J46 -> 72 | O47: =O20+O22+O24+O26+O28+O30+O32+O34+O36+O38+O40+O42+O44+O46 -> 3002
B49: NOTES: | C49: INSTALLED 8 SAMPLE PORT + 1 6"EMERGENCY VENT ON EAST SIDE 148 FT.
C50: GASKET +EPOXY + ANCHOR BOLTS
B51: TEMP: | C51: L -67 H -91
B53: WEATHER: | C53: BREEZY MOSTLY SUNNY THIS MORNING THEN MOSTLY CLOUDY WITH SCATTERED SHOWER +THUNDERSTOMS THIS AFTERNOON
C54: HIGHS IN THE 90 s SOUTHWEST WINDS 15 TO 20 BECOMING EAST 20 TO25 THIS AFTERNOON CHANCE OF RAIN 50 PERCENT

Sheet 6-24-22
A1: Daily Production Log
B3: Job: | C3: SW Cheese | F3: Total Budgeted Hours: | G3: 4355 | H3: Total Job Days: | I3: 49 | N3: Lost Time Due to Weather | Q3: 1 Day | R3: 44702
B4: Project Number: | C4: 300155 | F4: Total Hours to Date: | G4: =J16+'6-23-22'!G4 -> 2930 | H4: No. of days to date: | I4: 40 | Q4: 1 Day | R4: 44732
B5: Date of Report | C5: 44736 | G5: =G4/G3 -> 0.6727899 | I5: =I4/I3 -> 0.81632653
A7: Personnel | C7: Name | E7: Hours | F7: Veh. No. | H7: Name | J7: Hours
A8: 1 | B8: Super: | C8: JOHNSTON, B. (Walter) | E8: 9 | F8: 66 | G8: 9 | H8: GONZALES, M. (Marcos) | J8: 9
A9: 2 | B9: Foreman: | C9: CRUZ, L. (Lucas) | E9: 9 | G9: 10
A10: 3 | B10: QC: | C10: *NIETO, M. (Mario) | E10: 9 | F10: 78 | G10: 11
A11: 4 | B11: Techs: | C11: HERNANDEZ, B. (Bonofocio) | E11: 9 | G11: 12
A12: 5 | C12: ROMERO, J. (Jose) | E12: 9 | G12: 13
A13: 6 | C13: *LOPEZ, J. (Jamie) | E13: 9 | F13: 74 | G13: 14
A14: 7 | C14: MORGAN, L (Luke) | E14: 9 | G14: 15
A15: 8 | C15: NELCA, D. (Dennis) | E15: 9 | G15: 16
H16: TOTAL | J16: =SUM(E8:E15)+SUM(J8:J15) -> 81
B18: Description | C18: Total Sq Ft | D18: Sq. Ft. per Man Hour | E18: Sq. Ft. per Day | F18: No. Techs | G18: Hours | H18: No. Techs | I18: Hours | J18: Total Hours | K18: Actual Sq. Ft. per Hour | M18: Total Production for Job | N18: % | O18: Total Hours for Job | P18: Production Rate for Total Job
B20: MOB | C20: 1 | D20: 1 | G20: 0 | J20: =F20*G20+H20*I20 -> 0 | K20: =E20/(J20) -> #DIV/0! | M20: 0 | N20: =M20/C20 -> 0 | O20: =J20+'6-23-22'!O20 -> 108 | P20: =M20/O20 -> 0
B22: Remove Insulation Cover (SF) | C22: 125400 | J22: =F22*G22+H22*I22 -> 0 | K22: =E22/(J22) -> #DIV/0! | M22: =E22+'6-23-22'!M22 -> 125400 | N22: =M22/C22 -> 1 | O22: =J22+'6-23-22'!O22 -> 679.75 | P22: =M22/O22 -> 184.47959
B24: Remove Primary Cover (SF) | C24: 125400 | J24: =F24*G24+H24*I24 -> 0 | K24: =E24/(J24) -> #DIV/0! | M24: =E24+'6-23-22'!M24 -> 125400 | N24: =M24/C24 -> 1 | O24: =J24+'6-23-22'!O24 -> 449.75 | P24: =M24/O24 -> 278.82157
B26: Remove Existing Battens | C26: 3040 | J26: =F26*G26+H26*I26 -> 0 | K26: =E26/(J26) -> #DIV/0! | M26: =E26+'6-23-22'!M26 -> 1516 | N26: =M26/C26 -> 0.49868421 | O26: =J26+'6-23-22'!O26 -> 121.25 | P26: =M26/O26 -> 12.503093
B28: Installation New Batttens | C28: 3040 | J28: =F28*G28+H28*I28 -> 0 | K28: =E28/(J28) -> #DIV/0! | M28: =E28+'6-23-22'!M28 -> 853 | N28: =M28/C28 -> 0.28059211 | O28: =J28+'6-23-22'!O28 -> 310.75 | P28: =M28/O28 -> 2.7449718
B30: Install 100 Mil Cover | C30: 125400 | J30: =F30*G30+H30*I30 -> 0 | K30: =E30/(J30) -> #DIV/0! | M30: =E30+'6-23-22'!M30 -> 123400 | N30: =M30/C30 -> 0.98405104 | O30: =J30+'6-23-22'!O30 -> 645.5 | P30: =M30/O30 -> 191.16964
B32: Patches & Straps | C32: 324 | E32: 138 | F32: 9 | G32: 9 | J32: =F32*G32+H32*I32 -> 81 | K32: =E32/(J32) -> 1.7037037 | M32: =E32+'6-23-22'!M32 -> 303 | N32: =M32/C32 -> 0.93518519 | O32: =J32+'6-23-22'!O32 -> 166.5 | P32: =M32/O32 -> 1.8198198
B34: 60 Mil Cover & Foam | C34: 115000 | J34: =F34*G34+H34*I34 -> 0 | K34: =E34/(J34) -> #DIV/0! | M34: =E34+'6-23-22'!M34 -> 0 | N34: =M34/C34 -> 0 | O34: =J34+'6-23-22'!O34 -> 0 | P34: =M34/O34 -> #DIV/0!
B36: Sample Ports | C36: 8 | J36: =F36*G36+H36*I36 -> 0 | K36: =E36/(J36) -> #DIV/0! | M36: =E36+'6-23-22'!M36 -> 0 | N36: =M36/C36 -> 0 | O36: =J36+'6-23-22'!O36 -> 24 | P36: =M36/O36 -> 0
B38: Ballast Pipes | C38: =2760+480 -> 3240 | J38: =F38*G38+H38*I38 -> 0 | K38: =E38/(J38) -> #DIV/0! | M38: =E38+'6-23-22'!M38 -> 1635 | N38: =M38/C38 -> 0.50462963 | O38: =J38+'6-23-22'!O38 -> 72 | P38: =M38/O38 -> 22.708333
B40: Grout (123/HR) | C40: 123 | J40: =F40*G40+H40*I40 -> 0 | K40: =E40/(J40) -> #DIV/0! | M40: =E40+'6-23-22'!M40 -> 0 | N40: =M40/C40 -> 0 | O40: =J40+'6-23-22'!O40 -> 0 | P40: =M40/O40 -> #DIV/0!
B42: Owner/Contractor Delay | J42: =F42*G42+H42*I42 -> 0 | K42: =E42/(J42) -> #DIV/0! | M42: =E42+'6-23-22'!M42 -> 0 | N42: =M42/C42 -> #VALUE! | O42: =J42+'6-23-22'!O42 -> 0 | P42: =M42/O42 -> #DIV/0!
B44: Work Outside Original Scope | J44: =F44*G44+H44*I44 -> 0 | K44: =E44/(J44) -> #DIV/0! | M44: =E44+'6-23-22'!M44 -> #VALUE! | N44: =M44/C44 -> #VALUE! | O44: =J44+'6-23-22'!O44 -> 99 | P44: =M44/O44 -> #VALUE!
B46: Weather Delay | J46: =F46*G46+H46*I46 -> 0 | K46: =E46/(J46) -> #DIV/0! | M46: =E46+'6-23-22'!M46 -> 0 | N46: =M46/C46 -> #DIV/0! | O46: =J46+'6-23-22'!O46 -> 253.5 | P46: =M46/O46 -> 0
B47: Total: | J47: =J20+J22+J24+J26+J28+J30+J32+J34+J36+J38+J40+J42+J44+J46 -> 81 | O47: =O20+O22+O24+O26+O28+O30+O32+O34+O36+O38+O40+O42+O44+O46 -> 2930
B49: NOTES: | C49: LAID OUT PATCHES + STRAPS + WELDED 138
B51: TEMP: | C51: L -68 H -95
B53: WEATHER: | C53: BREEZY HOT MOSTLY SUNNY HIGH IN THE 90s SOUTHWEST WINDS 15 TO 25 MPH

Sheet 6-23-22
A1: Daily Production Log
B3: Job: | C3: SW Cheese | F3: Total Budgeted Hours: | G3: 4355 | H3: Total Job Days: | I3: 49 | N3: Lost Time Due to Weather | Q3: 1 Day | R3: 44702
B4: Project Number: | C4: 300155 | F4: Total Hours to Date: | G4: =J16+'6-22-22'!G4 -> 2849 | H4: No. of days to date: | I4: 39 | Q4: 1 Day | R4: 44732
B5: Date of Report | C5: 44735 | G5: =G4/G3 -> 0.65419059 | I5: =I4/I3 -> 0.79591837
A7: Personnel | C7: Name | E7: Hours | F7: Veh. No. | H7: Name | J7: Hours
A8: 1 | B8: Super: | C8: JOHNSTON, B. (Walter) | E8: 9.5 | F8: 66 | G8: 9 | H8: GONZALES, M. (Marcos) | J8: 9.5
A9: 2 | B9: Foreman: | C9: CRUZ, L. (Lucas) | E9: 9.5 | G9: 10
A10: 3 | B10: QC: | C10: *NIETO, M. (Mario) | E10: 9.5 | F10: 78 | G10: 11
A11: 4 | B11: Techs: | C11: HERNANDEZ, B. (Bonofocio) | E11: 9.5 | G11: 12
A12: 5 | C12: ROMERO, J. (Jose) | E12: 9.5 | G12: 13
A13: 6 | C13: *LOPEZ, J. (Jamie) | E13: 9.5 | F13: 74 | G13: 14
A14: 7 | C14: MORGAN, L (Luke) | E14: 9.5 | G14: 15
A15: 8 | C15: NELCA, D. (Dennis) | E15: 9.5 | G15: 16
H16: TOTAL | J16: =SUM(E8:E15)+SUM(J8:J15) -> 85.5
B18: Description | C18: Total Sq Ft | D18: Sq. Ft. per Man Hour | E18: Sq. Ft. per Day | F18: No. Techs | G18: Hours | H18: No. Techs | I18: Hours | J18: Total Hours | K18: Actual Sq. Ft. per Hour | M18: Total Production for Job | N18: % | O18: Total Hours for Job | P18: Production Rate for Total Job
B20: MOB | C20: 1 | D20: 1 | G20: 0 | J20: =F20*G20+H20*I20 -> 0 | K20: =E20/(J20) -> #DIV/0! | M20: 0 | N20: =M20/C20 -> 0 | O20: =J20+'6-22-22'!O20 -> 108 | P20: =M20/O20 -> 0
B22: Remove Insulation Cover (SF) | C22: 125400 | J22: =F22*G22+H22*I22 -> 0 | K22: =E22/(J22) -> #DIV/0! | M22: =E22+'6-22-22'!M22 -> 125400 | N22: =M22/C22 -> 1 | O22: =J22+'6-22-22'!O22 -> 679.75 | P22: =M22/O22 -> 184.47959
B24: Remove Primary Cover (SF) | C24: 125400 | J24: =F24*G24+H24*I24 -> 0 | K24: =E24/(J24) -> #DIV/0! | M24: =E24+'6-22-22'!M24 -> 125400 | N24: =M24/C24 -> 1 | O24: =J24+'6-22-22'!O24 -> 449.75 | P24: =M24/O24 -> 278.82157
B26: Remove Existing Battens | C26: 3040 | J26: =F26*G26+H26*I26 -> 0 | K26: =E26/(J26) -> #DIV/0! | M26: =E26+'6-22-22'!M26 -> 1516 | N26: =M26/C26 -> 0.49868421 | O26: =J26+'6-22-22'!O26 -> 121.25 | P26: =M26/O26 -> 12.503093
B28: Installation New Batttens | C28: 3040 | J28: =F28*G28+H28*I28 -> 0 | K28: =E28/(J28) -> #DIV/0! | M28: =E28+'6-22-22'!M28 -> 853 | N28: =M28/C28 -> 0.28059211 | O28: =J28+'6-22-22'!O28 -> 310.75 | P28: =M28/O28 -> 2.7449718
B30: Install 100 Mil Cover | C30: 125400 | J30: =F30*G30+H30*I30 -> 0 | K30: =E30/(J30) -> #DIV/0! | M30: =E30+'6-22-22'!M30 -> 123400 | N30: =M30/C30 -> 0.98405104 | O30: =J30+'6-22-22'!O30 -> 645.5 | P30: =M30/O30 -> 191.16964
B32: Patches & Straps | C32: 324 | E32: 165 | F32: 9 | G32: 9.5 | J32: =F32*G32+H32*I32 -> 85.5 | K32: =E32/(J32) -> 1.9298246 | M32: =E32+'6-22-22'!M32 -> 165 | N32: =M32/C32 -> 0.50925926 | O32: =J32+'6-22-22'!O32 -> 85.5 | P32: =M32/O32 -> 1.9298246
B34: 60 Mil Cover & Foam | C34: 115000 | J34: =F34*G34+H34*I34 -> 0 | K34: =E34/(J34) -> #DIV/0! | M34: =E34+'6-22-22'!M34 -> 0 | N34: =M34/C34 -> 0 | O34: =J34+'6-22-22'!O34 -> 0 | P34: =M34/O34 -> #DIV/0!
B36: Sample Ports | C36: 8 | J36: =F36*G36+H36*I36 -> 0 | K36: =E36/(J36) -> #DIV/0! | M36: =E36+'6-22-22'!M36 -> 0 | N36: =M36/C36 -> 0 | O36: =J36+'6-22-22'!O36 -> 24 | P36: =M36/O36 -> 0
B38: Ballast Pipes | C38: =2760+480 -> 3240 | J38: =F38*G38+H38*I38 -> 0 | K38: =E38/(J38) -> #DIV/0! | M38: =E38+'6-22-22'!M38 -> 1635 | N38: =M38/C38 -> 0.50462963 | O38: =J38+'6-22-22'!O38 -> 72 | P38: =M38/O38 -> 22.708333
B40: Grout (123/HR) | C40: 123 | J40: =F40*G40+H40*I40 -> 0 | K40: =E40/(J40) -> #DIV/0! | M40: =E40+'6-22-22'!M40 -> 0 | N40: =M40/C40 -> 0 | O40: =J40+'6-22-22'!O40 -> 0 | P40: =M40/O40 -> #DIV/0!
B42: Owner/Contractor Delay | J42: =F42*G42+H42*I42 -> 0 | K42: =E42/(J42) -> #DIV/0! | M42: =E42+'6-22-22'!M42 -> 0 | N42: =M42/C42 -> #VALUE! | O42: =J42+'6-22-22'!O42 -> 0 | P42: =M42/O42 -> #DIV/0!
B44: Work Outside Original Scope | J44: =F44*G44+H44*I44 -> 0 | K44: =E44/(J44) -> #DIV/0! | M44: =E44+'6-22-22'!M44 -> #VALUE! | N44: =M44/C44 -> #VALUE! | O44: =J44+'6-22-22'!O44 -> 99 | P44: =M44/O44 -> #VALUE!
B46: Weather Delay | J46: =F46*G46+H46*I46 -> 0 | K46: =E46/(J46) -> #DIV/0! | M46: =E46+'6-22-22'!M46 -> 0 | N46: =M46/C46 -> #DIV/0! | O46: =J46+'6-22-22'!O46 -> 253.5 | P46: =M46/O46 -> 0
B47: Total: | J47: =J20+J22+J24+J26+J28+J30+J32+J34+J36+J38+J40+J42+J44+J46 -> 85.5 | O47: =O20+O22+O24+O26+O28+O30+O32+O34+O36+O38+O40+O42+O44+O46 -> 2849
B49: NOTES: | C49: LAID OUTPATCHES + STRAPS WELDED 165
B51: TEMP: | C51: L-65 H -91
B53: WEATHER: | C53: MOSTLY SUNNY HIGH IN THE LOWER 90s SOUTHWEST WINDS 15 TO 20 MPH

Sheet 6-22-22
A1: Daily Production Log
B3: Job: | C3: SW Cheese | F3: Total Budgeted Hours: | G3: 4355 | H3: Total Job Days: | I3: 49 | N3: Lost Time Due to Weather | Q3: 1 Day | R3: 44702
B4: Project Number: | C4: 300155 | F4: Total Hours to Date: | G4: =J16+'6-21-22'!G4 -> 2763.5 | H4: No. of days to date: | I4: 38 | Q4: 1 Day | R4: 44732
B5: Date of Report | C5: 44734 | G5: =G4/G3 -> 0.63455798 | I5: =I4/I3 -> 0.7755102
A7: Personnel | C7: Name | E7: Hours | F7: Veh. No. | H7: Name | J7: Hours
A8: 1 | B8: Super: | C8: JOHNSTON, B. (Walter) | E8: 9 | F8: 66 | G8: 9 | H8: GONZALES, M. (Marcos) | J8: 9
A9: 2 | B9: Foreman: | C9: CRUZ, L. (Lucas) | E9: 9 | G9: 10
A10: 3 | B10: QC: | C10: *NIETO, M. (Mario) | E10: 9 | F10: 78 | G10: 11
A11: 4 | B11: Techs: | C11: HERNANDEZ, B. (Bonofocio) | E11: 9 | G11: 12
A12: 5 | C12: ROMERO, J. (Jose) | E12: 9 | G12: 13
A13: 6 | C13: *LOPEZ, J. (Jamie) | E13: 9 | F13: 74 | G13: 14
A14: 7 | C14: MORGAN, L (Luke) | E14: 9 | G14: 15
A15: 8 | C15: NELCA, D. (Dennis) | E15: 9 | G15: 16
H16: TOTAL | J16: =SUM(E8:E15)+SUM(J8:J15) -> 81
B18: Description | C18: Total Sq Ft | D18: Sq. Ft. per Man Hour | E18: Sq. Ft. per Day | F18: No. Techs | G18: Hours | H18: No. Techs | I18: Hours | J18: Total Hours | K18: Actual Sq. Ft. per Hour | M18: Total Production for Job | N18: % | O18: Total Hours for Job | P18: Production Rate for Total Job
B20: MOB | C20: 1 | D20: 1 | G20: 0 | J20: =F20*G20+H20*I20 -> 0 | K20: =E20/(J20) -> #DIV/0! | M20: 0 | N20: =M20/C20 -> 0 | O20: =J20+'6-21-22'!O20 -> 108 | P20: =M20/O20 -> 0
B22: Remove Insulation Cover (SF) | C22: 125400 | J22: =F22*G22+H22*I22 -> 0 | K22: =E22/(J22) -> #DIV/0! | M22: =E22+'6-21-22'!M22 -> 125400 | N22: =M22/C22 -> 1 | O22: =J22+'6-21-22'!O22 -> 679.75 | P22: =M22/O22 -> 184.47959
B24: Remove Primary Cover (SF) | C24: 125400 | J24: =F24*G24+H24*I24 -> 0 | K24: =E24/(J24) -> #DIV/0! | M24: =E24+'6-21-22'!M24 -> 125400 | N24: =M24/C24 -> 1 | O24: =J24+'6-21-22'!O24 -> 449.75 | P24: =M24/O24 -> 278.82157
B26: Remove Existing Battens | C26: 3040 | F26: 9 | G26: 2.25 | J26: =F26*G26+H26*I26 -> 20.25 | K26: =E26/(J26) -> 0 | M26: =E26+'6-21-22'!M26 -> 1516 | N26: =M26/C26 -> 0.49868421 | O26: =J26+'6-21-22'!O26 -> 121.25 | P26: =M26/O26 -> 12.503093
B28: Installation New Batttens | C28: 3040 | J28: =F28*G28+H28*I28 -> 0 | K28: =E28/(J28) -> #DIV/0! | M28: =E28+'6-21-22'!M28 -> 853 | N28: =M28/C28 -> 0.28059211 | O28: =J28+'6-21-22'!O28 -> 310.75 | P28: =M28/O28 -> 2.7449718
B30: Install 100 Mil Cover | C30: 125400 | D30: Pulled liner | F30: 9 | G30: 5 | H30: 9 | I30: 1.75 | J30: =F30*G30+H30*I30 -> 60.75 | K30: =E30/(J30) -> 0 | M30: =E30+'6-21-22'!M30 -> 123400 | N30: =M30/C30 -> 0.98405104 | O30: =J30+'6-21-22'!O30 -> 645.5 | P30: =M30/O30 -> 191.16964
B32: Patches & Straps | C32: 324 | J32: =F32*G32+H32*I32 -> 0 | K32: =E32/(J32) -> #DIV/0! | M32: =E32+'6-21-22'!M32 -> 0 | N32: =M32/C32 -> 0 | O32: =J32+'6-21-22'!O32 -> 0 | P32: =M32/O32 -> #DIV/0!
B34: 60 Mil Cover & Foam | C34: 115000 | J34: =F34*G34+H34*I34 -> 0 | K34: =E34/(J34) -> #DIV/0! | M34: =E34+'6-21-22'!M34 -> 0 | N34: =M34/C34 -> 0 | O34: =J34+'6-21-22'!O34 -> 0 | P34: =M34/O34 -> #DIV/0!
B36: Sample Ports | C36: 8 | J36: =F36*G36+H36*I36 -> 0 | K36: =E36/(J36) -> #DIV/0! | M36: =E36+'6-21-22'!M36 -> 0 | N36: =M36/C36 -> 0 | O36: =J36+'6-21-22'!O36 -> 24 | P36: =M36/O36 -> 0
B38: Ballast Pipes | C38: =2760+480 -> 3240 | J38: =F38*G38+H38*I38 -> 0 | K38: =E38/(J38) -> #DIV/0! | M38: =E38+'6-21-22'!M38 -> 1635 | N38: =M38/C38 -> 0.50462963 | O38: =J38+'6-21-22'!O38 -> 72 | P38: =M38/O38 -> 22.708333
B40: Grout (123/HR) | C40: 123 | J40: =F40*G40+H40*I40 -> 0 | K40: =E40/(J40) -> #DIV/0! | M40: =E40+'6-21-22'!M40 -> 0 | N40: =M40/C40 -> 0 | O40: =J40+'6-21-22'!O40 -> 0 | P40: =M40/O40 -> #DIV/0!
B42: Owner/Contractor Delay | J42: =F42*G42+H42*I42 -> 0 | K42: =E42/(J42) -> #DIV/0! | M42: =E42+'6-21-22'!M42 -> 0 | N42: =M42/C42 -> #VALUE! | O42: =J42+'6-21-22'!O42 -> 0 | P42: =M42/O42 -> #DIV/0!
B44: Work Outside Original Scope | J44: =F44*G44+H44*I44 -> 0 | K44: =E44/(J44) -> #DIV/0! | M44: =E44+'6-21-22'!M44 -> #VALUE! | N44: =M44/C44 -> #VALUE! | O44: =J44+'6-21-22'!O44 -> 99 | P44: =M44/O44 -> #VALUE!
B46: Weather Delay | J46: =F46*G46+H46*I46 -> 0 | K46: =E46/(J46) -> #DIV/0! | M46: =E46+'6-21-22'!M46 -> 0 | N46: =M46/C46 -> #DIV/0! | O46: =J46+'6-21-22'!O46 -> 253.5 | P46: =M46/O46 -> 0
B47: Total: | J47: =J20+J22+J24+J26+J28+J30+J32+J34+J36+J38+J40+J42+J44+J46 -> 81 | O47: =O20+O22+O24+O26+O28+O30+O32+O34+O36+O38+O40+O42+O44+O46 -> 2763.5
B49: NOTES: | C49: PULLED LINER ALL 100 MIL. IS DONE - PUT BATTENS BACK ON ALL THE WAY AROUND CLEAN UP ALL CUT LINER + SANDTUBES ALL THE AROUND POND
B51: TEMP: | C51: L - 63 H- 80
B53: WEATHER: | C53: PARTLY CLOUDY HIGHS IN THE 80s SOUTH WINDS 15 MPH

Sheet 6-21-22
A1: Daily Production Log
B3: Job: | C3: SW Cheese | F3: Total Budgeted Hours: | G3: 4355 | H3: Total Job Days: | I3: 49 | M3: Lost Time Due to Weather | P3: 1 | Q3: Day | R3: 44702
B4: Project Number: | C4: 300155 | F4: Total Hours to Date: | G4: =J16+'6-20-22'!G4 -> 2682.5 | H4: No. of days to date: | I4: 37 | J4: =I4/I3 -> 0.75510204 | P4: 1 | Q4: Day | R4: 44732
B5: Date of Report | C5: 44733
A7: Personnel | C7: Name | E7: Hours | F7: Veh. No. | H7: Name | J7: Hours
A8: 1 | B8: Super: | C8: JOHNSTON, B. (Walter) | E8: 9.25 | F8: 66 | G8: 9 | H8: GONZALES, M. (Marcos) | J8: 9.25
A9: 2 | B9: Foreman: | C9: CRUZ, L. (Lucas) | E9: 9.25 | G9: 10
A10: 3 | B10: QC: | C10: *NIETO, M. (Mario) | E10: 9.25 | F10: 78 | G10: 11
A11: 4 | B11: Techs: | C11: HERNANDEZ, B. (Bonofocio) | E11: 9.25 | G11: 12
A12: 5 | C12: ROMERO, J. (Jose) | E12: 9.25 | G12: 13
A13: 6 | C13: *LOPEZ, J. (Jamie) | E13: 9.25 | F13: 74 | G13: 14
A14: 7 | C14: MORGAN, L (Luke) | E14: 9.25 | G14: 15
A15: 8 | C15: NELCA, D. (Dennis) | E15: 9.25 | G15: 16
H16: TOTAL | J16: =SUM(E8:E15)+SUM(J8:J15) -> 83.25
B18: Description | C18: Total Sq Ft | D18: Sq. Ft. per Man Hour | E18: Sq. Ft. per Day | F18: No. Techs | G18: Hours | H18: No. Techs | I18: Hours | J18: Total Hours | K18: Actual Sq. Ft. per Hour | M18: Total Production for Job | N18: % | O18: Total Hours for Job | P18: Production Rate for Total Job
B20: MOB | C20: 1 | D20: 1 | G20: 0 | J20: =F20*G20+H20*I20 -> 0 | K20: =E20/(J20) -> #DIV/0! | M20: 0 | N20: =M20/C20 -> 0 | O20: =J20+'6-20-22'!O20 -> 108 | P20: =M20/O20 -> 0
B22: Remove Insulation Cover (SF) | C22: 125400 | J22: =F22*G22+H22*I22 -> 0 | K22: =E22/(J22) -> #DIV/0! | M22: =E22+'6-20-22'!M22 -> 125400 | N22: =M22/C22 -> 1 | O22: =J22+'6-20-22'!O22 -> 679.75 | P22: =M22/O22 -> 184.47959
B24: Remove Primary Cover (SF) | C24: 125400 | J24: =F24*G24+H24*I24 -> 0 | K24: =E24/(J24) -> #DIV/0! | M24: =E24+'6-20-22'!M24 -> 125400 | N24: =M24/C24 -> 1 | O24: =J24+'6-20-22'!O24 -> 449.75 | P24: =M24/O24 -> 278.82157
B26: Remove Existing Battens | C26: 3040 | J26: =F26*G26+H26*I26 -> 0 | K26: =E26/(J26) -> #DIV/0! | M26: =E26+'6-20-22'!M26 -> 1516 | N26: =M26/C26 -> 0.49868421 | O26: =J26+'6-20-22'!O26 -> 101 | P26: =M26/O26 -> 15.009901
B28: Installation New Batttens | C28: 3040 | D28: Drilled 640 Holes | F28: 5 | G28: 3.75 | H28: 3 | I28: 6 | J28: =F28*G28+H28*I28 -> 36.75 | K28: =E28/(J28) -> 0 | M28: =E28+'6-20-22'!M28 -> 853 | N28: =M28/C28 -> 0.28059211 | O28: =J28+'6-20-22'!O28 -> 310.75 | P28: =M28/O28 -> 2.7449718
B30: Install 100 Mil Cover | C30: 125400 | J30: =F30*G30+H30*I30 -> 0 | K30: =E30/(J30) -> #DIV/0! | M30: =E30+'6-20-22'!M30 -> 123400 | N30: =M30/C30 -> 0.98405104 | O30: =J30+'6-20-22'!O30 -> 584.75 | P30: =M30/O30 -> 211.03035
B32: Patches & Straps | C32: 324 | J32: =F32*G32+H32*I32 -> 0 | K32: =E32/(J32) -> #DIV/0! | M32: =E32+'6-20-22'!M32 -> 0 | N32: =M32/C32 -> 0 | O32: =J32+'6-20-22'!O32 -> 0 | P32: =M32/O32 -> #DIV/0!
B34: 60 Mil Cover & Foam | C34: 115000 | J34: =F34*G34+H34*I34 -> 0 | K34: =E34/(J34) -> #DIV/0! | M34: =E34+'6-20-22'!M34 -> 0 | N34: =M34/C34 -> 0 | O34: =J34+'6-20-22'!O34 -> 0 | P34: =M34/O34 -> #DIV/0!
B36: Sample Ports | C36: 8 | J36: =F36*G36+H36*I36 -> 0 | K36: =E36/(J36) -> #DIV/0! | M36: =E36+'6-20-22'!M36 -> 0 | N36: =M36/C36 -> 0 | O36: =J36+'6-20-22'!O36 -> 24 | P36: =M36/O36 -> 0
B38: Ballast Pipes | C38: =2760+480 -> 3240 | E38: 630 | F38: 3 | G38: 6.25 | J38: =F38*G38+H38*I38 -> 18.75 | K38: =E38/(J38) -> 33.6 | M38: =E38+'6-20-22'!M38 -> 1635 | N38: =M38/C38 -> 0.50462963 | O38: =J38+'6-20-22'!O38 -> 72 | P38: =M38/O38 -> 22.708333
B40: Grout (123/HR) | C40: 123 | J40: =F40*G40+H40*I40 -> 0 | K40: =E40/(J40) -> #DIV/0! | M40: =E40+'6-20-22'!M40 -> 0 | N40: =M40/C40 -> 0 | O40: =J40+'6-20-22'!O40 -> 0 | P40: =M40/O40 -> #DIV/0!
B42: Owner/Contractor Delay | J42: =F42*G42+H42*I42 -> 0 | K42: =E42/(J42) -> #DIV/0! | M42: =E42+'6-20-22'!M42 -> 0 | N42: =M42/C42 -> #VALUE! | O42: =J42+'6-20-22'!O42 -> 0 | P42: =M42/O42 -> #DIV/0!
B44: Work Outside Original Scope | J44: =F44*G44+H44*I44 -> 0 | K44: =E44/(J44) -> #DIV/0! | M44: =E44+'6-20-22'!M44 -> #VALUE! | N44: =M44/C44 -> #VALUE! | O44: =J44+'6-20-22'!O44 -> 99 | P44: =M44/O44 -> #VALUE!
B46: Weather Delay | D46: Pump Water | F46: 3 | G46: 9.25 | J46: =F46*G46+H46*I46 -> 27.75 | K46: =E46/(J46) -> 0 | M46: =E46+'6-20-22'!M46 -> 0 | N46: =M46/C46 -> #DIV/0! | O46: =J46+'6-20-22'!O46 -> 253.5 | P46: =M46/O46 -> 0
B47: Total: | J47: =J20+J22+J24+J26+J28+J30+J32+J34+J36+J38+J40+J42+J44+J46 -> 83.25 | O47: =O20+O22+O24+O26+O28+O30+O32+O34+O36+O38+O40+O42+O44+O46 -> 2682.5
B49: NOTES: | C49: RAIN OVER NIGHT PUMPED WATER - DRILLED HOLES FOR NEW BATTENS - WELDED 6" PIPE
B51: TEMP: | C51: L -67 H-79
B53: WEATHER: | C53: PARTLY CLOUDY WITH SCATTERED SHOWER +THUNDERSTORMS THIS SOME MAY PRODUCE HEAVY RAIN
C54: SOUTEAST WINDS 15

Sheet 6-20-22
A1: Daily Production Log
B3: Job: | C3: SW Cheese | F3: Total Budgeted Hours: | G3: 4355 | H3: Total Job Days: | I3: 49 | M3: Lost Time Due to Weather | P3: 1 | Q3: Day | R3: 44702
B4: Project Number: | C4: 300155 | F4: Total Hours to Date: | G4: =J16+'6-19-22'!G4 -> 2599.25 | H4: No. of days to date: | I4: 36 | J4: =I4/I3 -> 0.73469388
B5: Date of Report | C5: 44732
A7: Personnel | C7: Name | E7: Hours | F7: Veh. No. | H7: Name | J7: Hours
A8: 1 | B8: Super: | C8: JOHNSTON, B. (Walter) | E8: 9 | F8: 66 | G8: 9 | H8: GONZALES, M. (Marcos) | J8: 2
A9: 2 | B9: Foreman: | C9: CRUZ, L. (Lucas) | E9: 9 | G9: 10
A10: 3 | B10: QC: | C10: *NIETO, M. (Mario) | E10: 9 | F10: 78 | G10: 11
A11: 4 | B11: Techs: | C11: HERNANDEZ, B. (Bonofocio) | E11: 9 | G11: 12
A12: 5 | C12: ROMERO, J. (Jose) | E12: 9 | G12: 13
A13: 6 | C13: *LOPEZ, J. (Jamie) | E13: 9 | F13: 74 | G13: 14
A14: 7 | C14: MORGAN, L (Luke) | E14: 9 | G14: 15
A15: 8 | C15: NELCA, D. (Dennis) | E15: 9 | G15: 16
H16: TOTAL | J16: =SUM(E8:E15)+SUM(J8:J15) -> 74
B18: Description | C18: Total Sq Ft | D18: Sq. Ft. per Man Hour | E18: Sq. Ft. per Day | F18: No. Techs | G18: Hours | H18: No. Techs | I18: Hours | J18: Total Hours | K18: Actual Sq. Ft. per Hour | M18: Total Production for Job | N18: % | O18: Total Hours for Job | P18: Production Rate for Total Job
B20: MOB | C20: 1 | D20: 1 | G20: 0 | J20: =F20*G20+H20*I20 -> 0 | K20: =E20/(J20) -> #DIV/0! | M20: 0 | N20: =M20/C20 -> 0 | O20: =J20+'6-19-22'!O20 -> 108 | P20: =M20/O20 -> 0
B22: Remove Insulation Cover (SF) | C22: 125400 | J22: =F22*G22+H22*I22 -> 0 | K22: =E22/(J22) -> #DIV/0! | M22: =E22+'6-19-22'!M22 -> 125400 | N22: =M22/C22 -> 1 | O22: =J22+'6-19-22'!O22 -> 679.75 | P22: =M22/O22 -> 184.47959
B24: Remove Primary Cover (SF) | C24: 125400 | J24: =F24*G24+H24*I24 -> 0 | K24: =E24/(J24) -> #DIV/0! | M24: =E24+'6-19-22'!M24 -> 125400 | N24: =M24/C24 -> 1 | O24: =J24+'6-19-22'!O24 -> 449.75 | P24: =M24/O24 -> 278.82157
B26: Remove Existing Battens | C26: 3040 | J26: =F26*G26+H26*I26 -> 0 | K26: =E26/(J26) -> #DIV/0! | M26: =E26+'6-19-22'!M26 -> 1516 | N26: =M26/C26 -> 0.49868421 | O26: =J26+'6-19-22'!O26 -> 101 | P26: =M26/O26 -> 15.009901
B28: Installation New Batttens | C28: 3040 | D28: Drilled 526 Holes | F28: 8 | G28: 6 | J28: =F28*G28+H28*I28 -> 48 | K28: =E28/(J28) -> 0 | M28: =E28+'6-19-22'!M28 -> 853 | N28: =M28/C28 -> 0.28059211 | O28: =J28+'6-19-22'!O28 -> 274 | P28: =M28/O28 -> 3.1131387
B30: Install 100 Mil Cover | C30: 125400 | E30: 11200 | F30: 8 | G30: 3 | H30: 1 | I30: 2 | J30: =F30*G30+H30*I30 -> 26 | K30: =E30/(J30) -> 430.76923 | M30: =E30+'6-19-22'!M30 -> 123400 | N30: =M30/C30 -> 0.98405104 | O30: =J30+'6-19-22'!O30 -> 584.75 | P30: =M30/O30 -> 211.03035
B32: Patches & Straps | C32: 324 | J32: =F32*G32+H32*I32 -> 0 | K32: =E32/(J32) -> #DIV/0! | M32: =E32+'6-19-22'!M32 -> 0 | N32: =M32/C32 -> 0 | O32: =J32+'6-19-22'!O32 -> 0 | P32: =M32/O32 -> #DIV/0!
B34: 60 Mil Cover & Foam | C34: 115000 | J34: =F34*G34+H34*I34 -> 0 | K34: =E34/(J34) -> #DIV/0! | M34: =E34+'6-19-22'!M34 -> 0 | N34: =M34/C34 -> 0 | O34: =J34+'6-19-22'!O34 -> 0 | P34: =M34/O34 -> #DIV/0!
B36: Sample Ports | C36: 8 | J36: =F36*G36+H36*I36 -> 0 | K36: =E36/(J36) -> #DIV/0! | M36: =E36+'6-19-22'!M36 -> 0 | N36: =M36/C36 -> 0 | O36: =J36+'6-19-22'!O36 -> 24 | P36: =M36/O36 -> 0
B38: Ballast Pipes | C38: =2760+480 -> 3240 | J38: =F38*G38+H38*I38 -> 0 | K38: =E38/(J38) -> #DIV/0! | M38: =E38+'6-19-22'!M38 -> 1005 | N38: =M38/C38 -> 0.31018519 | O38: =J38+'6-19-22'!O38 -> 53.25 | P38: =M38/O38 -> 18.873239
B40: Grout (123/HR) | C40: 25 | J40: =F40*G40+H40*I40 -> 0 | K40: =E40/(J40) -> #DIV/0! | M40: =E40+'6-19-22'!M40 -> 0 | N40: =M40/C40 -> 0 | O40: =J40+'6-19-22'!O40 -> 0 | P40: =M40/O40 -> #DIV/0!
B42: Owner/Contractor Delay | J42: =F42*G42+H42*I42 -> 0 | K42: =E42/(J42) -> #DIV/0! | M42: =E42+'6-19-22'!M42 -> 0 | N42: =M42/C42 -> #VALUE! | O42: =J42+'6-19-22'!O42 -> 0 | P42: =M42/O42 -> #DIV/0!
B44: Work Outside Original Scope | J44: =F44*G44+H44*I44 -> 0 | K44: =E44/(J44) -> #DIV/0! | M44: =E44+'6-19-22'!M44 -> #VALUE! | N44: =M44/C44 -> #VALUE! | O44: =J44+'6-19-22'!O44 -> 99 | P44: =M44/O44 -> #VALUE!
B46: Weather Delay | J46: =F46*G46+H46*I46 -> 0 | K46: =E46/(J46) -> #DIV/0! | M46: =E46+'6-19-22'!M46 -> 0 | N46: =M46/C46 -> #DIV/0! | O46: =J46+'6-19-22'!O46 -> 225.75 | P46: =M46/O46 -> 0
B47: Total: | J47: =J20+J22+J24+J26+J28+J30+J32+J34+J36+J38+J40+J42+J44+J46 -> 74 | O47: =O20+O22+O24+O26+O28+O30+O32+O34+O36+O38+O40+O42+O44+O46 -> 2599.25
B49: NOTES: | C49: WELDED 2 PANELS + PULL STRAPS + DRILLED 526 HOLES
B51: TEMP: | C51: L-67 H-85
B53: WEATHER: | C53: PARTLY CLOUDY WITH SLIGHT CHANCE OF SHOWERS +THUNDERSTORMS THIS MORNING THEN
C54: MOSTLY CLOUDY WITH A CHANCE SHOWERS +THUNDERSTORMS THIS AFTERNOON SOUTH WINDS 15 TO 20 CHANCE RAIN 50 PERCENT

Sheet 6-19-22
A1: Daily Production Log
B3: Job: | C3: SW Cheese | F3: Total Budgeted Hours: | G3: 4355 | H3: Total Job Days: | I3: 49 | M3: Lost Time Due to Weather | P3: 1 | Q3: Day | R3: 44702
B4: Project Number: | C4: 300155 | F4: Total Hours to Date: | G4: =J16+'6-18-22'!G4 -> 2525.25 | H4: No. of days to date: | I4: 35 | J4: =I4/I3 -> 0.71428571
B5: Date of Report | C5: 44731
A7: Personnel | C7: Name | E7: Hours | F7: Veh. No. | H7: Name | J7: Hours
A8: 1 | B8: Super: | C8: JOHNSTON, B. (Walter) | F8: 66 | G8: 9 | H8: GONZALES, M. (Marcos)
A9: 2 | B9: Foreman: | C9: CRUZ, L. (Lucas) | G9: 10
A10: 3 | B10: QC: | C10: *NIETO, M. (Mario) | F10: 78 | G10: 11
A11: 4 | B11: Techs: | C11: HERNANDEZ, B. (Bonofocio) | G11: 12
A12: 5 | C12: ROMERO, J. (Jose) | G12: 13
A13: 6 | C13: *LOPEZ, J. (Jamie) | F13: 74 | G13: 14
A14: 7 | C14: MORGAN, L (Luke) | G14: 15
A15: 8 | C15: NELCA, D. (Dennis) | G15: 16
H16: TOTAL | J16: =SUM(E8:E15)+SUM(J8:J15) -> 0
B18: Description | C18: Total Sq Ft | D18: Sq. Ft. per Man Hour | E18: Sq. Ft. per Day | F18: No. Techs | G18: Hours | H18: No. Techs | I18: Hours | J18: Total Hours | K18: Actual Sq. Ft. per Hour | M18: Total Production for Job | N18: % | O18: Total Hours for Job | P18: Production Rate for Total Job
B20: MOB | C20: 1 | D20: 1 | G20: 0 | J20: =F20*G20+H20*I20 -> 0 | K20: =E20/(J20) -> #DIV/0! | M20: 0 | N20: =M20/C20 -> 0 | O20: =J20+'6-18-22'!O20 -> 108 | P20: =M20/O20 -> 0
B22: Remove Insulation Cover (SF) | C22: 125400 | J22: =F22*G22+H22*I22 -> 0 | K22: =E22/(J22) -> #DIV/0! | M22: =E22+'6-18-22'!M22 -> 125400 | N22: =M22/C22 -> 1 | O22: =J22+'6-18-22'!O22 -> 679.75 | P22: =M22/O22 -> 184.47959
B24: Remove Primary Cover (SF) | C24: 125400 | J24: =F24*G24+H24*I24 -> 0 | K24: =E24/(J24) -> #DIV/0! | M24: =E24+'6-18-22'!M24 -> 125400 | N24: =M24/C24 -> 1 | O24: =J24+'6-18-22'!O24 -> 449.75 | P24: =M24/O24 -> 278.82157
B26: Remove Existing Battens | C26: 3040 | J26: =F26*G26+H26*I26 -> 0 | K26: =E26/(J26) -> #DIV/0! | M26: =E26+'6-18-22'!M26 -> 1516 | N26: =M26/C26 -> 0.49868421 | O26: =J26+'6-18-22'!O26 -> 101 | P26: =M26/O26 -> 15.009901
B28: Installation New Batttens | C28: 3040 | J28: =F28*G28+H28*I28 -> 0 | K28: =E28/(J28) -> #DIV/0! | M28: =E28+'6-18-22'!M28 -> 853 | N28: =M28/C28 -> 0.28059211 | O28: =J28+'6-18-22'!O28 -> 226 | P28: =M28/O28 -> 3.7743363
B30: Install 100 Mil Cover | C30: 125400 | J30: =F30*G30+H30*I30 -> 0 | K30: =E30/(J30) -> #DIV/0! | M30: =E30+'6-18-22'!M30 -> 112200 | N30: =M30/C30 -> 0.89473684 | O30: =J30+'6-18-22'!O30 -> 558.75 | P30: =M30/O30 -> 200.80537
B32: Patches & Straps | C32: 324 | J32: =F32*G32+H32*I32 -> 0 | K32: =E32/(J32) -> #DIV/0! | M32: =E32+'6-18-22'!M32 -> 0 | N32: =M32/C32 -> 0 | O32: =J32+'6-18-22'!O32 -> 0 | P32: =M32/O32 -> #DIV/0!
B34: 60 Mil Cover & Foam | C34: 115000 | J34: =F34*G34+H34*I34 -> 0 | K34: =E34/(J34) -> #DIV/0! | M34: =E34+'6-18-22'!M34 -> 0 | N34: =M34/C34 -> 0 | O34: =J34+'6-18-22'!O34 -> 0 | P34: =M34/O34 -> #DIV/0!
B36: Sample Ports | C36: 8 | J36: =F36*G36+H36*I36 -> 0 | K36: =E36/(J36) -> #DIV/0! | M36: =E36+'6-18-22'!M36 -> 0 | N36: =M36/C36 -> 0 | O36: =J36+'6-18-22'!O36 -> 24 | P36: =M36/O36 -> 0
B38: Ballast Pipes | C38: =2760+480 -> 3240 | J38: =F38*G38+H38*I38 -> 0 | K38: =E38/(J38) -> #DIV/0! | M38: =E38+'6-18-22'!M38 -> 1005 | N38: =M38/C38 -> 0.31018519 | O38: =J38+'6-18-22'!O38 -> 53.25 | P38: =M38/O38 -> 18.873239
B40: Grout (123/HR) | C40: 25 | J40: =F40*G40+H40*I40 -> 0 | K40: =E40/(J40) -> #DIV/0! | M40: =E40+'6-18-22'!M40 -> 0 | N40: =M40/C40 -> 0 | O40: =J40+'6-18-22'!O40 -> 0 | P40: =M40/O40 -> #DIV/0!
B42: Owner/Contractor Delay | J42: =F42*G42+H42*I42 -> 0 | K42: =E42/(J42) -> #DIV/0! | M42: =E42+'6-18-22'!M42 -> 0 | N42: =M42/C42 -> #VALUE! | O42: =J42+'6-18-22'!O42 -> 0 | P42: =M42/O42 -> #DIV/0!
B44: Work Outside Original Scope | J44: =F44*G44+H44*I44 -> 0 | K44: =E44/(J44) -> #DIV/0! | M44: =E44+'6-18-22'!M44 -> #VALUE! | N44: =M44/C44 -> #VALUE! | O44: =J44+'6-18-22'!O44 -> 99 | P44: =M44/O44 -> #VALUE!
B46: Weather Delay | J46: =F46*G46+H46*I46 -> 0 | K46: =E46/(J46) -> #DIV/0! | M46: =E46+'6-18-22'!M46 -> 0 | N46: =M46/C46 -> #DIV/0! | O46: =J46+'6-18-22'!O46 -> 225.75 | P46: =M46/O46 -> 0
B47: Total: | J47: =J20+J22+J24+J26+J28+J30+J32+J34+J36+J38+J40+J42+J44+J46 -> 0 | O47: =O20+O22+O24+O26+O28+O30+O32+O34+O36+O38+O40+O42+O44+O46 -> 2525.25
B49: NOTES: | C49: OFF
B51: TEMP:
B53: WEATHER:

Sheet 6-18-22
A1: Daily Production Log
B3: Job: | C3: SW Cheese | F3: Total Budgeted Hours: | G3: 4355 | H3: Total Job Days: | I3: 49 | M3: Lost Time Due to Weather | P3: 1 | Q3: Day | R3: 44702
B4: Project Number: | C4: 300155 | F4: Total Hours to Date: | G4: =J16+'6-17-22'!G4 -> 2525.25 | H4: No. of days to date: | I4: 34 | J4: =I4/I3 -> 0.69387755
B5: Date of Report | C5: 44730
A7: Personnel | C7: Name | E7: Hours | F7: Veh. No. | H7: Name | J7: Hours
A8: 1 | B8: Super: | C8: JOHNSTON, B. (Walter) | E8: 8 | F8: 66 | G8: 9 | H8: GONZALES, M. (Marcos) | J8: 8
A9: 2 | B9: Foreman: | C9: CRUZ, L. (Lucas) | E9: 8 | G9: 10
A10: 3 | B10: QC: | C10: *NIETO, M. (Mario) | E10: 8 | F10: 78 | G10: 11
A11: 4 | B11: Techs: | C11: HERNANDEZ, B. (Bonofocio) | E11: 8 | G11: 12
A12: 5 | C12: ROMERO, J. (Jose) | E12: 8 | G12: 13
A13: 6 | C13: *LOPEZ, J. (Jamie) | E13: 8 | F13: 74 | G13: 14
A14: 7 | C14: MORGAN, L (Luke) | E14: 8 | G14: 15
A15: 8 | C15: NELCA, D. (Dennis) | E15: 8 | G15: 16
H16: TOTAL | J16: =SUM(E8:E15)+SUM(J8:J15) -> 72
B18: Description | C18: Total Sq Ft | D18: Sq. Ft. per Man Hour | E18: Sq. Ft. per Day | F18: No. Techs | G18: Hours | H18: No. Techs | I18: Hours | J18: Total Hours | K18: Actual Sq. Ft. per Hour | M18: Total Production for Job | N18: % | O18: Total Hours for Job | P18: Production Rate for Total Job
B20: MOB | C20: 1 | D20: 1 | G20: 0 | J20: =F20*G20+H20*I20 -> 0 | K20: =E20/(J20) -> #DIV/0! | M20: 0 | N20: =M20/C20 -> 0 | O20: =J20+'6-17-22'!O20 -> 108 | P20: =M20/O20 -> 0
B22: Remove Insulation Cover (SF) | C22: 125400 | J22: =F22*G22+H22*I22 -> 0 | K22: =E22/(J22) -> #DIV/0! | M22: =E22+'6-17-22'!M22 -> 125400 | N22: =M22/C22 -> 1 | O22: =J22+'6-17-22'!O22 -> 679.75 | P22: =M22/O22 -> 184.47959
B24: Remove Primary Cover (SF) | C24: 125400 | J24: =F24*G24+H24*I24 -> 0 | K24: =E24/(J24) -> #DIV/0! | M24: =E24+'6-17-22'!M24 -> 125400 | N24: =M24/C24 -> 1 | O24: =J24+'6-17-22'!O24 -> 449.75 | P24: =M24/O24 -> 278.82157
B26: Remove Existing Battens | C26: 3040 | J26: =F26*G26+H26*I26 -> 0 | K26: =E26/(J26) -> #DIV/0! | M26: =E26+'6-17-22'!M26 -> 1516 | N26: =M26/C26 -> 0.49868421 | O26: =J26+'6-17-22'!O26 -> 101 | P26: =M26/O26 -> 15.009901
B28: Installation New Batttens | C28: 3040 | D28: Drilled 180 Holes | F28: 9 | G28: 2 | J28: =F28*G28+H28*I28 -> 18 | K28: =E28/(J28) -> 0 | M28: =E28+'6-17-22'!M28 -> 853 | N28: =M28/C28 -> 0.28059211 | O28: =J28+'6-17-22'!O28 -> 226 | P28: =M28/O28 -> 3.7743363
B30: Install 100 Mil Cover | C30: 125400 | E30: 28050 | F30: 9 | G30: 6 | J30: =F30*G30+H30*I30 -> 54 | K30: =E30/(J30) -> 519.44444 | M30: =E30+'6-17-22'!M30 -> 112200 | N30: =M30/C30 -> 0.89473684 | O30: =J30+'6-17-22'!O30 -> 558.75 | P30: =M30/O30 -> 200.80537
B32: Patches & Straps | C32: 324 | J32: =F32*G32+H32*I32 -> 0 | K32: =E32/(J32) -> #DIV/0! | M32: =E32+'6-17-22'!M32 -> 0 | N32: =M32/C32 -> 0 | O32: =J32+'6-17-22'!O32 -> 0 | P32: =M32/O32 -> #DIV/0!
B34: 60 Mil Cover & Foam | C34: 115000 | J34: =F34*G34+H34*I34 -> 0 | K34: =E34/(J34) -> #DIV/0! | M34: =E34+'6-17-22'!M34 -> 0 | N34: =M34/C34 -> 0 | O34: =J34+'6-17-22'!O34 -> 0 | P34: =M34/O34 -> #DIV/0!
B36: Sample Ports | C36: 8 | J36: =F36*G36+H36*I36 -> 0 | K36: =E36/(J36) -> #DIV/0! | M36: =E36+'6-17-22'!M36 -> 0 | N36: =M36/C36 -> 0 | O36: =J36+'6-17-22'!O36 -> 24 | P36: =M36/O36 -> 0
B38: Ballast Pipes | C38: =2760+480 -> 3240 | J38: =F38*G38+H38*I38 -> 0 | K38: =E38/(J38) -> #DIV/0! | M38: =E38+'6-17-22'!M38 -> 1005 | N38: =M38/C38 -> 0.31018519 | O38: =J38+'6-17-22'!O38 -> 53.25 | P38: =M38/O38 -> 18.873239
B40: Grout (123/HR) | C40: 25 | J40: =F40*G40+H40*I40 -> 0 | K40: =E40/(J40) -> #DIV/0! | M40: =E40+'6-17-22'!M40 -> 0 | N40: =M40/C40 -> 0 | O40: =J40+'6-17-22'!O40 -> 0 | P40: =M40/O40 -> #DIV/0!
B42: Owner/Contractor Delay | J42: =F42*G42+H42*I42 -> 0 | K42: =E42/(J42) -> #DIV/0! | M42: =E42+'6-17-22'!M42 -> 0 | N42: =M42/C42 -> #VALUE! | O42: =J42+'6-17-22'!O42 -> 0 | P42: =M42/O42 -> #DIV/0!
B44: Work Outside Original Scope | J44: =F44*G44+H44*I44 -> 0 | K44: =E44/(J44) -> #DIV/0! | M44: =E44+'6-17-22'!M44 -> #VALUE! | N44: =M44/C44 -> #VALUE! | O44: =J44+'6-17-22'!O44 -> 99 | P44: =M44/O44 -> #VALUE!
B46: Weather Delay | J46: =F46*G46+H46*I46 -> 0 | K46: =E46/(J46) -> #DIV/0! | M46: =E46+'6-17-22'!M46 -> 0 | N46: =M46/C46 -> #DIV/0! | O46: =J46+'6-17-22'!O46 -> 225.75 | P46: =M46/O46 -> 0
B47: Total: | J47: =J20+J22+J24+J26+J28+J30+J32+J34+J36+J38+J40+J42+J44+J46 -> 72 | O47: =O20+O22+O24+O26+O28+O30+O32+O34+O36+O38+O40+O42+O44+O46 -> 2525.25
B49: NOTES: | C49: DEPLOYED 5 PANELS + DRILLED 180 HOLES
B51: TEMP: | C51: L -64 H -90
B53: WEATHER: | C53: WINDS THIS MORNING 0 MPH BREEZY MOSTLY SUNNY HIGHS IN THE LOWER 90s SOUTH WINDS 15 TO 20 MPH

Sheet 6-17-22
A1: Daily Production Log
B3: Job: | C3: SW Cheese | F3: Total Budgeted Hours: | G3: 4355 | H3: Total Job Days: | I3: 49 | M3: Lost Time Due to Weather | P3: 1 | Q3: Day | R3: 44702
B4: Project Number: | C4: 300155 | F4: Total Hours to Date: | G4: =J16+'6-16-22'!G4 -> 2453.25 | H4: No. of days to date: | I4: 33 | J4: =I4/I3 -> 0.67346939
B5: Date of Report | C5: 44729
A7: Personnel | C7: Name | E7: Hours | F7: Veh. No. | H7: Name | J7: Hours
A8: 1 | B8: Super: | C8: JOHNSTON, B. (Walter) | E8: 9.25 | F8: 66 | G8: 9 | H8: GONZALES, M. (Marcos) | J8: 9.25
A9: 2 | B9: Foreman: | C9: CRUZ, L. (Lucas) | E9: 9.25 | G9: 10
A10: 3 | B10: QC: | C10: *NIETO, M. (Mario) | E10: 9.25 | F10: 78 | G10: 11
A11: 4 | B11: Techs: | C11: HERNANDEZ, B. (Bonofocio) | E11: 9.25 | G11: 12
A12: 5 | C12: ROMERO, J. (Jose) | E12: 9.25 | G12: 13
A13: 6 | C13: *LOPEZ, J. (Jamie) | E13: 9.25 | F13: 74 | G13: 14
A14: 7 | C14: MORGAN, L (Luke) | E14: 9.25 | G14: 15
A15: 8 | C15: NELCA, D. (Dennis) | E15: 9.25 | G15: 16
H16: TOTAL | J16: =SUM(E8:E15)+SUM(J8:J15) -> 83.25
B18: Description | C18: Total Sq Ft | D18: Sq. Ft. per Man Hour | E18: Sq. Ft. per Day | F18: No. Techs | G18: Hours | H18: No. Techs | I18: Hours | J18: Total Hours | K18: Actual Sq. Ft. per Hour | M18: Total Production for Job | N18: % | O18: Total Hours for Job | P18: Production Rate for Total Job
B20: MOB | C20: 1 | D20: 1 | G20: 0 | J20: =F20*G20+H20*I20 -> 0 | K20: =E20/(J20) -> #DIV/0! | M20: 0 | N20: =M20/C20 -> 0 | O20: =J20+'6-16-22'!O20 -> 108 | P20: =M20/O20 -> 0
B22: Remove Insulation Cover (SF) | C22: 125400 | J22: =F22*G22+H22*I22 -> 0 | K22: =E22/(J22) -> #DIV/0! | M22: =E22+'6-16-22'!M22 -> 125400 | N22: =M22/C22 -> 1 | O22: =J22+'6-16-22'!O22 -> 679.75 | P22: =M22/O22 -> 184.47959
B24: Remove Primary Cover (SF) | C24: 125400 | J24: =F24*G24+H24*I24 -> 0 | K24: =E24/(J24) -> #DIV/0! | M24: =E24+'6-16-22'!M24 -> 125400 | N24: =M24/C24 -> 1 | O24: =J24+'6-16-22'!O24 -> 449.75 | P24: =M24/O24 -> 278.82157
B26: Remove Existing Battens | C26: 3040 | J26: =F26*G26+H26*I26 -> 0 | K26: =E26/(J26) -> #DIV/0! | M26: =E26+'6-16-22'!M26 -> 1516 | N26: =M26/C26 -> 0.49868421 | O26: =J26+'6-16-22'!O26 -> 101 | P26: =M26/O26 -> 15.009901
B28: Installation New Batttens | C28: 3040 | D28: Drilled 700 Holes | F28: 6 | G28: 3 | H28: 9 | I28: 3.25 | J28: =F28*G28+H28*I28 -> 47.25 | K28: =E28/(J28) -> 0 | M28: =E28+'6-16-22'!M28 -> 853 | N28: =M28/C28 -> 0.28059211 | O28: =J28+'6-16-22'!O28 -> 208 | P28: =M28/O28 -> 4.1009615
B30: Install 100 Mil Cover | C30: 125400 | E30: 11220 | F30: 9 | G30: 3 | J30: =F30*G30+H30*I30 -> 27 | K30: =E30/(J30) -> 415.55556 | M30: =E30+'6-16-22'!M30 -> 84150 | N30: =M30/C30 -> 0.67105263 | O30: =J30+'6-16-22'!O30 -> 504.75 | P30: =M30/O30 -> 166.7162
B32: Patches & Straps | C32: 324 | J32: =F32*G32+H32*I32 -> 0 | K32: =E32/(J32) -> #DIV/0! | M32: =E32+'6-16-22'!M32 -> 0 | N32: =M32/C32 -> 0 | O32: =J32+'6-16-22'!O32 -> 0 | P32: =M32/O32 -> #DIV/0!
B34: 60 Mil Cover & Foam | C34: 115000 | J34: =F34*G34+H34*I34 -> 0 | K34: =E34/(J34) -> #DIV/0! | M34: =E34+'6-16-22'!M34 -> 0 | N34: =M34/C34 -> 0 | O34: =J34+'6-16-22'!O34 -> 0 | P34: =M34/O34 -> #DIV/0!
B36: Sample Ports | C36: 8 | J36: =F36*G36+H36*I36 -> 0 | K36: =E36/(J36) -> #DIV/0! | M36: =E36+'6-16-22'!M36 -> 0 | N36: =M36/C36 -> 0 | O36: =J36+'6-16-22'!O36 -> 24 | P36: =M36/O36 -> 0
B38: Ballast Pipes | C38: =2760+480 -> 3240 | E38: 450 | F38: 3 | G38: 3 | J38: =F38*G38+H38*I38 -> 9 | K38: =E38/(J38) -> 50 | M38: =E38+'6-16-22'!M38 -> 1005 | N38: =M38/C38 -> 0.31018519 | O38: =J38+'6-16-22'!O38 -> 53.25 | P38: =M38/O38 -> 18.873239
B40: Grout (123/HR) | C40: 25 | J40: =F40*G40+H40*I40 -> 0 | K40: =E40/(J40) -> #DIV/0! | M40: =E40+'6-16-22'!M40 -> 0 | N40: =M40/C40 -> 0 | O40: =J40+'6-16-22'!O40 -> 0 | P40: =M40/O40 -> #DIV/0!
B42: Owner/Contractor Delay | J42: =F42*G42+H42*I42 -> 0 | K42: =E42/(J42) -> #DIV/0! | M42: =E42+'6-16-22'!M42 -> 0 | N42: =M42/C42 -> #VALUE! | O42: =J42+'6-16-22'!O42 -> 0 | P42: =M42/O42 -> #DIV/0!
B44: Work Outside Original Scope | J44: =F44*G44+H44*I44 -> 0 | K44: =E44/(J44) -> #DIV/0! | M44: =E44+'6-16-22'!M44 -> #VALUE! | N44: =M44/C44 -> #VALUE! | O44: =J44+'6-16-22'!O44 -> 99 | P44: =M44/O44 -> #VALUE!
B46: Weather Delay | J46: =F46*G46+H46*I46 -> 0 | K46: =E46/(J46) -> #DIV/0! | M46: =E46+'6-16-22'!M46 -> 0 | N46: =M46/C46 -> #DIV/0! | O46: =J46+'6-16-22'!O46 -> 225.75 | P46: =M46/O46 -> 0
B47: Total: | J47: =J20+J22+J24+J26+J28+J30+J32+J34+J36+J38+J40+J42+J44+J46 -> 83.25 | O47: =O20+O22+O24+O26+O28+O30+O32+O34+O36+O38+O40+O42+O44+O46 -> 2453.25
B49: NOTES: | C49: DEPLOYED 2 PANELS WIND GOT UP BAGGED DOWN WELDED 6" PIPE DRILLED HOLE FOR BATTENS
B51: TEMP: | C51: L - 69 H-94
B53: WEATHER: | C53: BREEZY MOSTLY SUNNY HIGH IN THE MID 90s SOUTH WINDS 15 TO 25 MPH

Sheet 6-16-22
A1: Daily Production Log
B3: Job: | C3: SW Cheese | F3: Total Budgeted Hours: | G3: 4355 | H3: Total Job Days: | I3: 49 | M3: Lost Time Due to Weather | P3: 1 | Q3: Day | R3: 44702
B4: Project Number: | C4: 300155 | F4: Total Hours to Date: | G4: =J16+'6-15-22'!G4 -> 2370 | H4: No. of days to date: | I4: 32 | J4: =I4/I3 -> 0.65306122
B5: Date of Report | C5: 44728
A7: Personnel | C7: Name | E7: Hours | F7: Veh. No. | H7: Name | J7: Hours
A8: 1 | B8: Super: | C8: JOHNSTON, B. (Walter) | E8: 9.5 | F8: 66 | G8: 9 | H8: GONZALES, M. (Marcos) | J8: 9.5
A9: 2 | B9: Foreman: | C9: CRUZ, L. (Lucas) | E9: 9.5 | G9: 10
A10: 3 | B10: QC: | C10: *NIETO, M. (Mario) | E10: 9.5 | F10: 78 | G10: 11
A11: 4 | B11: Techs: | C11: HERNANDEZ, B. (Bonofocio) | E11: 9.5 | G11: 12
A12: 5 | C12: ROMERO, J. (Jose) | E12: 9.5 | G12: 13
A13: 6 | C13: *LOPEZ, J. (Jamie) | E13: 9.5 | F13: 74 | G13: 14
A14: 7 | C14: MORGAN, L (Luke) | E14: 9.5 | G14: 15
A15: 8 | C15: NELCA, D. (Dennis) | E15: 9.5 | G15: 16
H16: TOTAL | J16: =SUM(E8:E15)+SUM(J8:J15) -> 85.5
B18: Description | C18: Total Sq Ft | D18: Sq. Ft. per Man Hour | E18: Sq. Ft. per Day | F18: No. Techs | G18: Hours | H18: No. Techs | I18: Hours | J18: Total Hours | K18: Actual Sq. Ft. per Hour | M18: Total Production for Job | N18: % | O18: Total Hours for Job | P18: Production Rate for Total Job
B20: MOB | C20: 1 | D20: 1 | G20: 0 | J20: =F20*G20+H20*I20 -> 0 | K20: =E20/(J20) -> #DIV/0! | M20: 0 | N20: =M20/C20 -> 0 | O20: =J20+'6-15-22'!O20 -> 108 | P20: =M20/O20 -> 0
B22: Remove Insulation Cover (SF) | C22: 125400 | J22: =F22*G22+H22*I22 -> 0 | K22: =E22/(J22) -> #DIV/0! | M22: =E22+'6-15-22'!M22 -> 125400 | N22: =M22/C22 -> 1 | O22: =J22+'6-15-22'!O22 -> 679.75 | P22: =M22/O22 -> 184.47959
B24: Remove Primary Cover (SF) | C24: 125400 | J24: =F24*G24+H24*I24 -> 0 | K24: =E24/(J24) -> #DIV/0! | M24: =H24+'6-15-22'!M24 -> 125400 | N24: =M24/C24 -> 1 | O24: =J24+'6-15-22'!O24 -> 449.75 | P24: =M24/O24 -> 278.82157
B26: Remove Existing Battens | C26: 3040 | J26: =F26*G26+H26*I26 -> 0 | K26: =E26/(J26) -> #DIV/0! | M26: =H26+'6-15-22'!M26 -> 1516 | N26: =M26/C26 -> 0.49868421 | O26: =J26+'6-15-22'!O26 -> 101 | P26: =M26/O26 -> 15.009901
B28: Installation New Batttens | C28: 3040 | F28: 9 | G28: 5.5 | J28: =F28*G28+H28*I28 -> 49.5 | K28: =E28/(J28) -> 0 | M28: =H28+'6-15-22'!M28 -> 853 | N28: =M28/C28 -> 0.28059211 | O28: =J28+'6-15-22'!O28 -> 160.75 | P28: =M28/O28 -> 5.3063764
B30: Install 100 Mil Cover | C30: 125400 | E30: 11220 | F30: 9 | G30: 4 | J30: =F30*G30+H30*I30 -> 36 | K30: =E30/(J30) -> 311.66667 | M30: =H30+'6-15-22'!M30 -> 72930 | N30: =M30/C30 -> 0.58157895 | O30: =J30+'6-15-22'!O30 -> 477.75 | P30: =M30/O30 -> 152.65306
B32: Patches & Straps | C32: 324 | J32: =F32*G32+H32*I32 -> 0 | K32: =E32/(J32) -> #DIV/0! | M32: =H32+'6-15-22'!M32 -> 0 | N32: =M32/C32 -> 0 | O32: =J32+'6-15-22'!O32 -> 0 | P32: =M32/O32 -> #DIV/0!
B34: 60 Mil Cover & Foam | C34: 115000 | J34: =F34*G34+H34*I34 -> 0 | K34: =E34/(J34) -> #DIV/0! | M34: =H34+'6-15-22'!M34 -> 0 | N34: =M34/C34 -> 0 | O34: =J34+'6-15-22'!O34 -> 0 | P34: =M34/O34 -> #DIV/0!
B36: Sample Ports | C36: 8 | J36: =F36*G36+H36*I36 -> 0 | K36: =E36/(J36) -> #DIV/0! | M36: =H36+'6-15-22'!M36 -> 0 | N36: =M36/C36 -> 0 | O36: =J36+'6-15-22'!O36 -> 24 | P36: =M36/O36 -> 0
B38: Ballast Pipes | C38: =2760+480 -> 3240 | J38: =F38*G38+H38*I38 -> 0 | K38: =E38/(J38) -> #DIV/0! | M38: =H38+'6-15-22'!M38 -> 555 | N38: =M38/C38 -> 0.1712963 | O38: =J38+'6-15-22'!O38 -> 44.25 | P38: =M38/O38 -> 12.542373
B40: Grout (123/HR) | C40: 25 | J40: =F40*G40+H40*I40 -> 0 | K40: =E40/(J40) -> #DIV/0! | M40: =H40+'6-15-22'!M40 -> 0 | N40: =M40/C40 -> 0 | O40: =J40+'6-15-22'!O40 -> 0 | P40: =M40/O40 -> #DIV/0!
B42: Owner/Contractor Delay | J42: =F42*G42+H42*I42 -> 0 | K42: =E42/(J42) -> #DIV/0! | M42: =H42+'6-15-22'!M42 -> 0 | N42: =M42/C42 -> #VALUE! | O42: =J42+'6-15-22'!O42 -> 0 | P42: =M42/O42 -> #DIV/0!
B44: Work Outside Original Scope | J44: =F44*G44+H44*I44 -> 0 | K44: =E44/(J44) -> #DIV/0! | M44: =H44+'6-15-22'!M44 -> #VALUE! | N44: =M44/C44 -> #VALUE! | O44: =J44+'6-15-22'!O44 -> 99 | P44: =M44/O44 -> #VALUE!
B46: Weather Delay | J46: =F46*G46+H46*I46 -> 0 | K46: =E46/(J46) -> #DIV/0! | M46: =H46+'6-15-22'!M46 -> 0 | N46: =M46/C46 -> #DIV/0! | O46: =J46+'6-15-22'!O46 -> 225.75 | P46: =M46/O46 -> 0
B47: Total: | J47: =J20+J22+J24+J26+J28+J30+J32+J34+J36+J38+J40+J42+J44+J46 -> 85.5 | O47: =O20+O22+O24+O26+O28+O30+O32+O34+O36+O38+O40+O42+O44+O46 -> 2370
B49: NOTES: | C49: DEPLOYED 2 PANELS BEFORE WINDS GOT UP DRILLED 820 HOLES FOR BATTENS
B51: TEMP: | C51: L -75 H -94
B53: WEATHER: | C53: HOT , MOSTLY SUNNY HIGHS IN THE MID 90s SOUTH WINDS 15 TO 20 MPH

Sheet 6-15-22
A1: Daily Production Log
B3: Job: | C3: SW Cheese | F3: Total Budgeted Hours: | G3: 4355 | H3: Total Job Days: | I3: 49 | M3: Lost Time Due to Weather | P3: 1 | Q3: Day | R3: 44702
B4: Project Number: | C4: 300155 | F4: Total Hours to Date: | G4: =J16+'6-14-22'!G4 -> 2284.5 | H4: No. of days to date: | I4: 31
B5: Date of Report | C5: 44727
A7: Personnel | C7: Name | E7: Hours | F7: Veh. No. | H7: Name | J7: Hours
A8: 1 | B8: Super: | C8: JOHNSTON, B. (Walter) | E8: 8.25 | F8: 66 | G8: 9 | H8: GONZALES, M. (Marcos) | J8: 8.25
A9: 2 | B9: Foreman: | C9: CRUZ, L. (Lucas) | E9: 8.25 | G9: 10
A10: 3 | B10: QC: | C10: *NIETO, M. (Mario) | E10: 8.25 | F10: 78 | G10: 11
A11: 4 | B11: Techs: | C11: HERNANDEZ, B. (Bonofocio) | E11: 8.25 | G11: 12
A12: 5 | C12: ROMERO, J. (Jose) | E12: 8.25 | G12: 13
A13: 6 | C13: *LOPEZ, J. (Jamie) | E13: 8.25 | F13: 74 | G13: 14
A14: 7 | C14: MORGAN, L (Luke) | E14: 8.25 | G14: 15
A15: 8 | C15: NELCA, D. (Dennis) | E15: 8.25 | G15: 16
H16: TOTAL | J16: =SUM(E8:E15)+SUM(J8:J15) -> 74.25
B18: Description | C18: Total Sq Ft | D18: Sq. Ft. per Man Hour | E18: Sq. Ft. per Day | F18: No. Techs | G18: Hours | H18: No. Techs | I18: Hours | J18: Total Hours | K18: Actual Sq. Ft. per Hour | M18: Total Production for Job | N18: % | O18: Total Hours for Job | P18: Production Rate for Total Job
B20: MOB | C20: 1 | D20: 1 | G20: 0 | J20: =F20*G20+H20*I20 -> 0 | K20: =E20/(J20) -> #DIV/0! | M20: 0 | N20: =M20/C20 -> 0 | O20: =J20+'6-14-22'!O20 -> 108 | P20: =M20/O20 -> 0
B22: Remove Insulation Cover (SF) | C22: 125400 | J22: =F22*G22+H22*I22 -> 0 | K22: =E22/(J22) -> #DIV/0! | M22: =E22+'6-14-22'!M22 -> 125400 | N22: =M22/C22 -> 1 | O22: =J22+'6-14-22'!O22 -> 679.75 | P22: =M22/O22 -> 184.47959
B24: Remove Primary Cover (SF) | C24: 125400 | J24: =F24*G24+H24*I24 -> 0 | K24: =E24/(J24) -> #DIV/0! | M24: =E24+'6-14-22'!M24 -> 125400 | N24: =M24/C24 -> 1 | O24: =J24+'6-14-22'!O24 -> 449.75 | P24: =M24/O24 -> 278.82157
B26: Remove Existing Battens | C26: 3040 | J26: =F26*G26+H26*I26 -> 0 | K26: =E26/(J26) -> #DIV/0! | M26: =E26+'6-14-22'!M26 -> 1516 | N26: =M26/C26 -> 0.49868421 | O26: =J26+'6-14-22'!O26 -> 101 | P26: =M26/O26 -> 15.009901
B28: Installation New Batttens | C28: 3040 | F28: 9 | G28: 3.25 | J28: =F28*G28+H28*I28 -> 29.25 | K28: =E28/(J28) -> 0 | M28: =E28+'6-14-22'!M28 -> 853 | N28: =M28/C28 -> 0.28059211 | O28: =J28+'6-14-22'!O28 -> 111.25 | P28: =M28/O28 -> 7.6674157
B30: Install 100 Mil Cover | C30: 125400 | F30: 9 | G30: 5 | J30: =F30*G30+H30*I30 -> 45 | K30: =E30/(J30) -> 0 | M30: =E30+'6-14-22'!M30 -> 72930 | N30: =M30/C30 -> 0.58157895 | O30: =J30+'6-14-22'!O30 -> 441.75 | P30: =M30/O30 -> 165.09338
B32: Patches & Straps | C32: 324 | J32: =F32*G32+H32*I32 -> 0 | K32: =E32/(J32) -> #DIV/0! | M32: =E32+'6-14-22'!M32 -> 0 | N32: =M32/C32 -> 0 | O32: =J32+'6-14-22'!O32 -> 0 | P32: =M32/O32 -> #DIV/0!
B34: 60 Mil Cover & Foam | C34: 115000 | J34: =F34*G34+H34*I34 -> 0 | K34: =E34/(J34) -> #DIV/0! | M34: =E34+'6-14-22'!M34 -> 0 | N34: =M34/C34 -> 0 | O34: =J34+'6-14-22'!O34 -> 0 | P34: =M34/O34 -> #DIV/0!
B36: Sample Ports | C36: 8 | J36: =F36*G36+H36*I36 -> 0 | K36: =E36/(J36) -> #DIV/0! | M36: =E36+'6-14-22'!M36 -> 0 | N36: =M36/C36 -> 0 | O36: =J36+'6-14-22'!O36 -> 24 | P36: =M36/O36 -> 0
B38: Ballast Pipes | C38: =2760+480 -> 3240 | J38: =F38*G38+H38*I38 -> 0 | K38: =E38/(J38) -> #DIV/0! | M38: =E38+'6-14-22'!M38 -> 555 | N38: =M38/C38 -> 0.1712963 | O38: =J38+'6-14-22'!O38 -> 44.25 | P38: =M38/O38 -> 12.542373
B40: Grout (123/HR) | C40: 25 | J40: =F40*G40+H40*I40 -> 0 | K40: =E40/(J40) -> #DIV/0! | M40: =E40+'6-14-22'!M40 -> 0 | N40: =M40/C40 -> 0 | O40: =J40+'6-14-22'!O40 -> 0 | P40: =M40/O40 -> #DIV/0!
B42: Owner/Contractor Delay | J42: =F42*G42+H42*I42 -> 0 | K42: =E42/(J42) -> #DIV/0! | M42: =E42+'6-14-22'!M42 -> 0 | N42: =M42/C42 -> #VALUE! | O42: =J42+'6-14-22'!O42 -> 0 | P42: =M42/O42 -> #DIV/0!
B44: Work Outside Original Scope | J44: =F44*G44+H44*I44 -> 0 | K44: =E44/(J44) -> #DIV/0! | M44: =E44+'6-14-22'!M44 -> #VALUE! | N44: =M44/C44 -> #VALUE! | O44: =J44+'6-14-22'!O44 -> 99 | P44: =M44/O44 -> #VALUE!
B46: Weather Delay | J46: =F46*G46+H46*I46 -> 0 | K46: =E46/(J46) -> #DIV/0! | M46: =E46+'6-14-22'!M46 -> 0 | N46: =M46/C46 -> #DIV/0! | O46: =J46+'6-14-22'!O46 -> 225.75 | P46: =M46/O46 -> 0
B47: Total: | J47: =J20+J22+J24+J26+J28+J30+J32+J34+J36+J38+J40+J42+J44+J46 -> 74.25 | O47: =O20+O22+O24+O26+O28+O30+O32+O34+O36+O38+O40+O42+O44+O46 -> 2284.5
B49: NOTES: | C49: PULLED 13 PANELS OVER POND PUT BATTENS BACK ON 100 MIL.CLEAN UP CUT LINER
B51: TEMP: | C51: L-70 H- 99
B53: WEATHER: | C53: HOT SUNNY HIGHS IN THE UPPER 90s WEST WINDS 15 TO 20 BECOMING SOUTH THIS AFTERNOON

Sheet 6-14-22
A1: Daily Production Log
B3: Job: | C3: SW Cheese | F3: Total Budgeted Hours: | G3: 4355 | H3: Total Job Days: | I3: 49 | M3: Lost Time Due to Weather | P3: 1 | Q3: Day | R3: 44702
B4: Project Number: | C4: 300155 | F4: Total Hours to Date: | G4: =J16+'6-13-22'!G4 -> 2210.25 | H4: No. of days to date: | I4: 30
B5: Date of Report | C5: 44726
A7: Personnel | C7: Name | E7: Hours | F7: Veh. No. | H7: Name | J7: Hours
A8: 1 | B8: Super: | C8: JOHNSTON, B. (Walter) | E8: 8.5 | F8: 66 | G8: 9 | H8: GONZALES, M. (Marcos) | J8: 8.5
A9: 2 | B9: Foreman: | C9: CRUZ, L. (Lucas) | E9: 8.5 | G9: 10
A10: 3 | B10: QC: | C10: *NIETO, M. (Mario) | E10: 8.5 | F10: 78 | G10: 11
A11: 4 | B11: Techs: | C11: HERNANDEZ, B. (Bonofocio) | E11: 8.5 | G11: 12
A12: 5 | C12: ROMERO, J. (Jose) | E12: 8.5 | G12: 13
A13: 6 | C13: *LOPEZ, J. (Jamie) | E13: 8.5 | F13: 74 | G13: 14
A14: 7 | C14: MORGAN, L (Luke) | E14: 8.5 | G14: 15
A15: 8 | C15: NELCA, D. (Dennis) | E15: 8.5 | G15: 16
H16: TOTAL | J16: =SUM(E8:E15)+SUM(J8:J15) -> 76.5
B18: Description | C18: Total Sq Ft | D18: Sq. Ft. per Man Hour | E18: Sq. Ft. per Day | F18: No. Techs | G18: Hours | H18: No. Techs | I18: Hours | J18: Total Hours | K18: Actual Sq. Ft. per Hour | M18: Total Production for Job | N18: % | O18: Total Hours for Job | P18: Production Rate for Total Job
B20: MOB | C20: 1 | D20: 1 | G20: 0 | J20: =F20*G20+H20*I20 -> 0 | K20: =E20/(J20) -> #DIV/0! | M20: 0 | N20: =M20/C20 -> 0 | O20: =J20+'6-13-22'!O20 -> 108 | P20: =M20/O20 -> 0
B22: Remove Insulation Cover (SF) | C22: 125400 | J22: =F22*G22+H22*I22 -> 0 | K22: =E22/(J22) -> #DIV/0! | M22: =E22+'6-13-22'!M22 -> 125400 | N22: =M22/C22 -> 1 | O22: =J22+'6-13-22'!O22 -> 679.75 | P22: =M22/O22 -> 184.47959
B24: Remove Primary Cover (SF) | C24: 125400 | J24: =F24*G24+H24*I24 -> 0 | K24: =E24/(J24) -> #DIV/0! | M24: =E24+'6-13-22'!M24 -> 125400 | N24: =M24/C24 -> 1 | O24: =J24+'6-13-22'!O24 -> 449.75 | P24: =M24/O24 -> 278.82157
B26: Remove Existing Battens | C26: 3040 | J26: =F26*G26+H26*I26 -> 0 | K26: =E26/(J26) -> #DIV/0! | M26: =E26+'6-13-22'!M26 -> 1516 | N26: =M26/C26 -> 0.49868421 | O26: =J26+'6-13-22'!O26 -> 101 | P26: =M26/O26 -> 15.009901
B28: Installation New Batttens | C28: 3040 | J28: =F28*G28+H28*I28 -> 0 | K28: =E28/(J28) -> #DIV/0! | M28: =E28+'6-13-22'!M28 -> 853 | N28: =M28/C28 -> 0.28059211 | O28: =J28+'6-13-22'!O28 -> 82 | P28: =M28/O28 -> 10.402439
B30: Install 100 Mil Cover | C30: 125400 | E30: 11220 | F30: 9 | G30: 8.5 | J30: =F30*G30+H30*I30 -> 76.5 | K30: =E30/(J30) -> 146.66667 | M30: =E30+'6-13-22'!M30 -> 72930 | N30: =M30/C30 -> 0.58157895 | O30: =J30+'6-13-22'!O30 -> 396.75 | P30: =M30/O30 -> 183.81853
B32: Patches & Straps | C32: 324 | J32: =F32*G32+H32*I32 -> 0 | K32: =E32/(J32) -> #DIV/0! | M32: =E32+'6-13-22'!M32 -> 0 | N32: =M32/C32 -> 0 | O32: =J32+'6-13-22'!O32 -> 0 | P32: =M32/O32 -> #DIV/0!
B34: 60 Mil Cover & Foam | C34: 115000 | J34: =F34*G34+H34*I34 -> 0 | K34: =E34/(J34) -> #DIV/0! | M34: =E34+'6-13-22'!M34 -> 0 | N34: =M34/C34 -> 0 | O34: =J34+'6-13-22'!O34 -> 0 | P34: =M34/O34 -> #DIV/0!
B36: Sample Ports | C36: 8 | J36: =F36*G36+H36*I36 -> 0 | K36: =E36/(J36) -> #DIV/0! | M36: =E36+'6-13-22'!M36 -> 0 | N36: =M36/C36 -> 0 | O36: =J36+'6-13-22'!O36 -> 24 | P36: =M36/O36 -> 0
B38: Ballast Pipes | C38: =2760+480 -> 3240 | J38: =F38*G38+H38*I38 -> 0 | K38: =E38/(J38) -> #DIV/0! | M38: =E38+'6-13-22'!M38 -> 555 | N38: =M38/C38 -> 0.1712963 | O38: =J38+'6-13-22'!O38 -> 44.25 | P38: =M38/O38 -> 12.542373
B40: Grout (123/HR) | C40: 25 | J40: =F40*G40+H40*I40 -> 0 | K40: =E40/(J40) -> #DIV/0! | M40: =E40+'6-13-22'!M40 -> 0 | N40: =M40/C40 -> 0 | O40: =J40+'6-13-22'!O40 -> 0 | P40: =M40/O40 -> #DIV/0!
B42: Owner/Contractor Delay | J42: =F42*G42+H42*I42 -> 0 | K42: =E42/(J42) -> #DIV/0! | M42: =E42+'6-13-22'!M42 -> 0 | N42: =M42/C42 -> #VALUE! | O42: =J42+'6-13-22'!O42 -> 0 | P42: =M42/O42 -> #DIV/0!
B44: Work Outside Original Scope | J44: =F44*G44+H44*I44 -> 0 | K44: =E44/(J44) -> #DIV/0! | M44: =E44+'6-13-22'!M44 -> #VALUE! | N44: =M44/C44 -> #VALUE! | O44: =J44+'6-13-22'!O44 -> 99 | P44: =M44/O44 -> #VALUE!
B46: Weather Delay | J46: =F46*G46+H46*I46 -> 0 | K46: =E46/(J46) -> #DIV/0! | M46: =E46+'6-13-22'!M46 -> 0 | N46: =M46/C46 -> #DIV/0! | O46: =J46+'6-13-22'!O46 -> 225.75 | P46: =M46/O46 -> 0
B47: Total: | J47: =J20+J22+J24+J26+J28+J30+J32+J34+J36+J38+J40+J42+J44+J46 -> 76.5 | O47: =O20+O22+O24+O26+O28+O30+O32+O34+O36+O38+O40+O42+O44+O46 -> 2210.25
B49: NOTES: | C49: WELDED 2 PANELS WELDED PULL STRAPS PUT 6 INCH PIPE UNDER LEADING EDGE +WELDED 1 FT. STRAPS 8 FT. CENTER
B51: TEMP: | C51: L -75 H -95
B53: WEATHER: | C53: WINDS THIS MORNING 7 MPH BREEZY +HOT MOSTLY SUNNY HIGHS IN UPPER 90s SOUTHWEST WINDS 15 TO 25 MPH

Sheet 6-13-22
A1: Daily Production Log
B3: Job: | C3: SW Cheese | F3: Total Budgeted Hours: | G3: 4355 | H3: Total Job Days: | I3: 49
B4: Project Number: | C4: 300155 | F4: Total Hours to Date: | G4: =J16+'6-12-22'!G4 -> 2133.75 | H4: No. of days to date: | I4: 29
B5: Date of Report | C5: 44725
A7: Personnel | C7: Name | E7: Hours | F7: Veh. No. | H7: Name | J7: Hours
A8: 1 | B8: Super: | C8: JOHNSTON, B. (Walter) | E8: 8.75 | F8: 66 | G8: 9 | H8: GONZALES, M. (Marcos) | J8: 8.75
A9: 2 | B9: Foreman: | C9: CRUZ, L. (Lucas) | E9: 8.75 | G9: 10
A10: 3 | B10: QC: | C10: *NIETO, M. (Mario) | E10: 8.75 | F10: 78 | G10: 11
A11: 4 | B11: Techs: | C11: HERNANDEZ, B. (Bonofocio) | E11: 8.75 | G11: 12
A12: 5 | C12: ROMERO, J. (Jose) | E12: 8.75 | G12: 13
A13: 6 | C13: *LOPEZ, J. (Jamie) | E13: 8.75 | F13: 74 | G13: 14
A14: 7 | C14: MORGAN, L (Luke) | E14: 8.75 | G14: 15
A15: 8 | C15: NELCA, D. (Dennis) | E15: 8.75 | G15: 16
H16: TOTAL | J16: =SUM(E8:E15)+SUM(J8:J15) -> 78.75
B18: Description | C18: Total Sq Ft | D18: Sq. Ft. per Man Hour | E18: Sq. Ft. per Day | F18: No. Techs | G18: Hours | H18: No. Techs | I18: Hours | J18: Total Hours | K18: Actual Sq. Ft. per Hour | M18: Total Production for Job | N18: % | O18: Total Hours for Job | P18: Production Rate for Total Job
B20: MOB | C20: 1 | D20: 1 | G20: 0 | J20: =F20*G20+H20*I20 -> 0 | K20: =E20/(J20) -> #DIV/0! | M20: 0 | N20: =M20/C20 -> 0 | O20: =J20+'6-12-22'!O20 -> 108 | P20: =M20/O20 -> 0
B22: Remove Insulation Cover (SF) | C22: 125400 | J22: =F22*G22+H22*I22 -> 0 | K22: =E22/(J22) -> #DIV/0! | M22: =E22+'6-12-22'!M22 -> 125400 | N22: =M22/C22 -> 1 | O22: =J22+'6-12-22'!O22 -> 679.75 | P22: =M22/O22 -> 184.47959
B24: Remove Primary Cover (SF) | C24: 125400 | J24: =F24*G24+H24*I24 -> 0 | K24: =E24/(J24) -> #DIV/0! | M24: =E24+'6-12-22'!M24 -> 125400 | N24: =M24/C24 -> 1 | O24: =J24+'6-12-22'!O24 -> 449.75 | P24: =M24/O24 -> 278.82157
B26: Remove Existing Battens | C26: 3040 | F26: 3 | G26: 7 | J26: =F26*G26+H26*I26 -> 21 | K26: =E26/(J26) -> 0 | M26: =E26+'6-12-22'!M26 -> 1516 | N26: =M26/C26 -> 0.49868421 | O26: =J26+'6-12-22'!O26 -> 101 | P26: =M26/O26 -> 15.009901
B28: Installation New Batttens | C28: 3040 | J28: =F28*G28+H28*I28 -> 0 | K28: =E28/(J28) -> #DIV/0! | M28: =E28+'6-12-22'!M28 -> 853 | N28: =M28/C28 -> 0.28059211 | O28: =J28+'6-12-22'!O28 -> 82 | P28: =M28/O28 -> 10.402439
B30: Install 100 Mil Cover | C30: 125400 | E30: 11220 | F30: 9 | G30: 2.25 | H30: 5 | I30: 3.75 | J30: =F30*G30+H30*I30 -> 39 | K30: =E30/(J30) -> 287.69231 | M30: =E30+'6-12-22'!M30 -> 61710 | N30: =M30/C30 -> 0.49210526 | O30: =J30+'6-12-22'!O30 -> 320.25 | P30: =M30/O30 -> 192.69321
B32: Patches & Straps | C32: 324 | J32: =F32*G32+H32*I32 -> 0 | K32: =E32/(J32) -> #DIV/0! | M32: =E32+'6-12-22'!M32 -> 0 | N32: =M32/C32 -> 0 | O32: =J32+'6-12-22'!O32 -> 0 | P32: =M32/O32 -> #DIV/0!
B34: 60 Mil Cover & Foam | C34: 115000 | J34: =F34*G34+H34*I34 -> 0 | K34: =E34/(J34) -> #DIV/0! | M34: =E34+'6-12-22'!M34 -> 0 | N34: =M34/C34 -> 0 | O34: =J34+'6-12-22'!O34 -> 0 | P34: =M34/O34 -> #DIV/0!
B36: Sample Ports | C36: 8 | J36: =F36*G36+H36*I36 -> 0 | K36: =E36/(J36) -> #DIV/0! | M36: =E36+'6-12-22'!M36 -> 0 | N36: =M36/C36 -> 0 | O36: =J36+'6-12-22'!O36 -> 24 | P36: =M36/O36 -> 0
B38: Ballast Pipes | C38: =2760+480 -> 3240 | F38: 5 | G38: 3.75 | J38: =F38*G38+H38*I38 -> 18.75 | K38: =E38/(J38) -> 0 | M38: =E38+'6-12-22'!M38 -> 555 | N38: =M38/C38 -> 0.1712963 | O38: =J38+'6-12-22'!O38 -> 44.25 | P38: =M38/O38 -> 12.542373
B40: Grout (123/HR) | C40: 25 | J40: =F40*G40+H40*I40 -> 0 | K40: =E40/(J40) -> #DIV/0! | M40: =E40+'6-12-22'!M40 -> 0 | N40: =M40/C40 -> 0 | O40: =J40+'6-12-22'!O40 -> 0 | P40: =M40/O40 -> #DIV/0!
B42: Owner/Contractor Delay | J42: =F42*G42+H42*I42 -> 0 | K42: =E42/(J42) -> #DIV/0! | M42: =E42+'6-12-22'!M42 -> 0 | N42: =M42/C42 -> #VALUE! | O42: =J42+'6-12-22'!O42 -> 0 | P42: =M42/O42 -> #DIV/0!
B44: Work Outside Original Scope | J44: =F44*G44+H44*I44 -> 0 | K44: =E44/(J44) -> #DIV/0! | M44: =E44+'6-12-22'!M44 -> #VALUE! | N44: =M44/C44 -> #VALUE! | O44: =J44+'6-12-22'!O44 -> 99 | P44: =M44/O44 -> #VALUE!
B46: Weather Delay | J46: =F46*G46+H46*I46 -> 0 | K46: =E46/(J46) -> #DIV/0! | M46: =E46+'6-12-22'!M46 -> 0 | N46: =M46/C46 -> #DIV/0! | O46: =J46+'6-12-22'!O46 -> 225.75 | P46: =M46/O46 -> 0
B47: Total: | J47: =J20+J22+J24+J26+J28+J30+J32+J34+J36+J38+J40+J42+J44+J46 -> 78.75 | O47: =O20+O22+O24+O26+O28+O30+O32+O34+O36+O38+O40+O42+O44+O46 -> 2133.75
B49: NOTES: | C49: DEPLOYED 2 PANELS WIND GOT UP BAG IT DOWN PULLYS AND ROPE IN PLACE WEDED BLANKS IN CROSSES CUTANCHOR BOLTS
B51: TEMP: | C51: L -75 H-98
B53: WEATHER: | C53: WINDS THIS MORNING 15 MPH BREEZY +HOT MOSTLY SUNNY ISOLATED SPRINKLES + THUNDERSTORM LITTLE TO NO RAIN
C54: THIS MORNING SOME THUNDERSTORM MAY PRODUCE GUSTY WINDS

Sheet 6-12-22
A1: Daily Production Log
B3: Job: | C3: SW Cheese | F3: Total Budgeted Hours: | G3: 4355 | H3: Total Job Days: | I3: 49
B4: Project Number: | C4: 300155 | F4: Total Hours to Date: | G4: =J16+'6-11-22'!G4 -> 2055 | H4: No. of days to date: | I4: 28
B5: Date of Report | C5: 44724
A7: Personnel | C7: Name | E7: Hours | F7: Veh. No. | H7: Name | J7: Hours
A8: 1 | B8: Super: | C8: JOHNSTON, B. (Walter) | F8: 66 | G8: 9 | H8: GONZALES, M. (Marcos)
A9: 2 | B9: Foreman: | C9: CRUZ, L. (Lucas) | G9: 10
A10: 3 | B10: QC: | C10: *NIETO, M. (Mario) | F10: 78 | G10: 11
A11: 4 | B11: Techs: | C11: HERNANDEZ, B. (Bonofocio) | G11: 12
A12: 5 | C12: ROMERO, J. (Jose) | G12: 13
A13: 6 | C13: *LOPEZ, J. (Jamie) | F13: 74 | G13: 14
A14: 7 | C14: MORGAN, L (Luke) | G14: 15
A15: 8 | C15: NELCA, D. (Dennis) | G15: 16
H16: TOTAL | J16: =SUM(E8:E15)+SUM(J8:J15) -> 0
B18: Description | C18: Total Sq Ft | D18: Sq. Ft. per Man Hour | E18: Sq. Ft. per Day | F18: No. Techs | G18: Hours | H18: No. Techs | I18: Hours | J18: Total Hours | K18: Actual Sq. Ft. per Hour | M18: Total Production for Job | N18: % | O18: Total Hours for Job | P18: Production Rate for Total Job
B20: MOB | C20: 1 | D20: 1 | G20: 0 | J20: =F20*G20+H20*I20 -> 0 | K20: =E20/(J20) -> #DIV/0! | M20: 0 | N20: =M20/C20 -> 0 | O20: =J20+'6-11-22'!O20 -> 108 | P20: =M20/O20 -> 0
B22: Remove Insulation Cover (SF) | C22: 125400 | J22: =F22*G22+H22*I22 -> 0 | K22: =E22/(J22) -> #DIV/0! | M22: =E22+'6-11-22'!M22 -> 125400 | N22: =M22/C22 -> 1 | O22: =J22+'6-11-22'!O22 -> 679.75 | P22: =M22/O22 -> 184.47959
B24: Remove Primary Cover (SF) | C24: 125400 | J24: =F24*G24+H24*I24 -> 0 | K24: =E24/(J24) -> #DIV/0! | M24: =E24+'6-11-22'!M24 -> 125400 | N24: =M24/C24 -> 1 | O24: =J24+'6-11-22'!O24 -> 449.75 | P24: =M24/O24 -> 278.82157
B26: Remove Existing Battens | C26: 3040 | J26: =F26*G26+H26*I26 -> 0 | K26: =E26/(J26) -> #DIV/0! | M26: =E26+'6-11-22'!M26 -> 1516 | N26: =M26/C26 -> 0.49868421 | O26: =J26+'6-11-22'!O26 -> 80 | P26: =M26/O26 -> 18.95
B28: Installation New Batttens | C28: 3040 | J28: =F28*G28+H28*I28 -> 0 | K28: =E28/(J28) -> #DIV/0! | M28: =E28+'6-11-22'!M28 -> 853 | N28: =M28/C28 -> 0.28059211 | O28: =J28+'6-11-22'!O28 -> 82 | P28: =M28/O28 -> 10.402439
B30: Install 100 Mil Cover | C30: 125400 | J30: =F30*G30+H30*I30 -> 0 | K30: =E30/(J30) -> #DIV/0! | M30: =E30+'6-11-22'!M30 -> 50490 | N30: =M30/C30 -> 0.40263158 | O30: =J30+'6-11-22'!O30 -> 281.25 | P30: =M30/O30 -> 179.52
B32: Patches & Straps | C32: 324 | J32: =F32*G32+H32*I32 -> 0 | K32: =E32/(J32) -> #DIV/0! | M32: =E32+'6-11-22'!M32 -> 0 | N32: =M32/C32 -> 0 | O32: =J32+'6-11-22'!O32 -> 0 | P32: =M32/O32 -> #DIV/0!
B34: 60 Mil Cover & Foam | C34: 115000 | J34: =F34*G34+H34*I34 -> 0 | K34: =E34/(J34) -> #DIV/0! | M34: =E34+'6-11-22'!M34 -> 0 | N34: =M34/C34 -> 0 | O34: =J34+'6-11-22'!O34 -> 0 | P34: =M34/O34 -> #DIV/0!
B36: Sample Ports | C36: 8 | J36: =F36*G36+H36*I36 -> 0 | K36: =E36/(J36) -> #DIV/0! | M36: =E36+'6-11-22'!M36 -> 0 | N36: =M36/C36 -> 0 | O36: =J36+'6-11-22'!O36 -> 24 | P36: =M36/O36 -> 0
B38: Ballast Pipes | C38: =2760+480 -> 3240 | J38: =F38*G38+H38*I38 -> 0 | K38: =E38/(J38) -> #DIV/0! | M38: =E38+'6-11-22'!M38 -> 555 | N38: =M38/C38 -> 0.1712963 | O38: =J38+'6-11-22'!O38 -> 25.5 | P38: =M38/O38 -> 21.764706
B40: Grout (123/HR) | C40: 25 | J40: =F40*G40+H40*I40 -> 0 | K40: =E40/(J40) -> #DIV/0! | M40: =E40+'6-11-22'!M40 -> 0 | N40: =M40/C40 -> 0 | O40: =J40+'6-11-22'!O40 -> 0 | P40: =M40/O40 -> #DIV/0!
B42: Owner/Contractor Delay | J42: =F42*G42+H42*I42 -> 0 | K42: =E42/(J42) -> #DIV/0! | M42: =E42+'6-11-22'!M42 -> 0 | N42: =M42/C42 -> #VALUE! | O42: =J42+'6-11-22'!O42 -> 0 | P42: =M42/O42 -> #DIV/0!
B44: Work Outside Original Scope | J44: =F44*G44+H44*I44 -> 0 | K44: =E44/(J44) -> #DIV/0! | M44: =E44+'6-11-22'!M44 -> #VALUE! | N44: =M44/C44 -> #VALUE! | O44: =J44+'6-11-22'!O44 -> 99 | P44: =M44/O44 -> #VALUE!
B46: Weather Delay | J46: =F46*G46+H46*I46 -> 0 | K46: =E46/(J46) -> #DIV/0! | M46: =E46+'6-11-22'!M46 -> 0 | N46: =M46/C46 -> #DIV/0! | O46: =J46+'6-11-22'!O46 -> 225.75 | P46: =M46/O46 -> 0
B47: Total: | J47: =J20+J22+J24+J26+J28+J30+J32+J34+J36+J38+J40+J42+J44+J46 -> 0 | O47: =O20+O22+O24+O26+O28+O30+O32+O34+O36+O38+O40+O42+O44+O46 -> 2055
B49: NOTES: | C49: OFF
B51: TEMP: | C51: H - 100
B53: WEATHER: | C53: BREEZY HOT MOSTLY SUNNY ISOLATED THUNDERSTORMS WITH LITTLE OR NO RAIN SOUTHWEST WINDS 15 TO 25 MPH

Sheet 6-11-22
A1: Daily Production Log
B3: Job: | C3: SW Cheese | F3: Total Budgeted Hours: | G3: 4355 | H3: Total Job Days: | I3: 49
B4: Project Number: | C4: 300155 | F4: Total Hours to Date: | G4: =J16+'6-10-22'!G4 -> 2055 | H4: No. of days to date: | I4: 27
B5: Date of Report | C5: 44723
A7: Personnel | C7: Name | E7: Hours | F7: Veh. No. | H7: Name | J7: Hours
A8: 1 | B8: Super: | C8: JOHNSTON, B. (Walter) | E8: 8 | F8: 66 | G8: 9 | H8: GONZALES, M. (Marcos) | J8: 8
A9: 2 | B9: Foreman: | C9: CRUZ, L. (Lucas) | E9: 8 | G9: 10
A10: 3 | B10: QC: | C10: *NIETO, M. (Mario) | E10: 8 | F10: 78 | G10: 11
A11: 4 | B11: Techs: | C11: HERNANDEZ, B. (Bonofocio) | E11: 8 | G11: 12
A12: 5 | C12: ROMERO, J. (Jose) | E12: 8 | G12: 13
A13: 6 | C13: *LOPEZ, J. (Jamie) | E13: 8 | F13: 74 | G13: 14
A14: 7 | C14: MORGAN, L (Luke) | E14: 8 | G14: 15
A15: 8 | C15: NELCA, D. (Dennis) | E15: 8 | G15: 16
H16: TOTAL | J16: =SUM(E8:E15)+SUM(J8:J15) -> 72
B18: Description | C18: Total Sq Ft | D18: Sq. Ft. per Man Hour | E18: Sq. Ft. per Day | F18: No. Techs | G18: Hours | H18: No. Techs | I18: Hours | J18: Total Hours | K18: Actual Sq. Ft. per Hour | M18: Total Production for Job | N18: % | O18: Total Hours for Job | P18: Production Rate for Total Job
B20: MOB | C20: 1 | D20: 1 | G20: 0 | J20: =F20*G20+H20*I20 -> 0 | K20: =E20/(J20) -> #DIV/0! | M20: 0 | N20: =M20/C20 -> 0 | O20: =J20+'6-10-22'!O20 -> 108 | P20: =M20/O20 -> 0
B22: Remove Insulation Cover (SF) | C22: 125400 | J22: =F22*G22+H22*I22 -> 0 | K22: =E22/(J22) -> #DIV/0! | M22: =E22+'6-10-22'!M22 -> 125400 | N22: =M22/C22 -> 1 | O22: =J22+'6-10-22'!O22 -> 679.75 | P22: =M22/O22 -> 184.47959
B24: Remove Primary Cover (SF) | C24: 125400 | J24: =F24*G24+H24*I24 -> 0 | K24: =E24/(J24) -> #DIV/0! | M24: =E24+'6-10-22'!M24 -> 125400 | N24: =M24/C24 -> 1 | O24: =J24+'6-10-22'!O24 -> 449.75 | P24: =M24/O24 -> 278.82157
B26: Remove Existing Battens | C26: 3040 | J26: =F26*G26+H26*I26 -> 0 | K26: =E26/(J26) -> #DIV/0! | M26: =E26+'6-10-22'!M26 -> 1516 | N26: =M26/C26 -> 0.49868421 | O26: =J26+'6-10-22'!O26 -> 80 | P26: =M26/O26 -> 18.95
B28: Installation New Batttens | C28: 3040 | J28: =F28*G28+H28*I28 -> 0 | K28: =E28/(J28) -> #DIV/0! | M28: =E28+'6-10-22'!M28 -> 853 | N28: =M28/C28 -> 0.28059211 | O28: =J28+'6-10-22'!O28 -> 82 | P28: =M28/O28 -> 10.402439
B30: Install 100 Mil Cover | C30: 125400 | E30: 50490 | F30: 9 | G30: 8 | J30: =F30*G30+H30*I30 -> 72 | K30: =E30/(J30) -> 701.25 | M30: =E30+'6-10-22'!M30 -> 50490 | N30: =M30/C30 -> 0.40263158 | O30: =J30+'6-10-22'!O30 -> 281.25 | P30: =M30/O30 -> 179.52
B32: Patches & Straps | C32: 324 | J32: =F32*G32+H32*I32 -> 0 | K32: =E32/(J32) -> #DIV/0! | M32: =E32+'6-10-22'!M32 -> 0 | N32: =M32/C32 -> 0 | O32: =J32+'6-10-22'!O32 -> 0 | P32: =M32/O32 -> #DIV/0!
B34: 60 Mil Cover & Foam | C34: 115000 | J34: =F34*G34+H34*I34 -> 0 | K34: =E34/(J34) -> #DIV/0! | M34: =E34+'6-10-22'!M34 -> 0 | N34: =M34/C34 -> 0 | O34: =J34+'6-10-22'!O34 -> 0 | P34: =M34/O34 -> #DIV/0!
B36: Sample Ports | C36: 8 | J36: =F36*G36+H36*I36 -> 0 | K36: =E36/(J36) -> #DIV/0! | M36: =E36+'6-10-22'!M36 -> 0 | N36: =M36/C36 -> 0 | O36: =J36+'6-10-22'!O36 -> 24 | P36: =M36/O36 -> 0
B38: Ballast Pipes | C38: =2760+480 -> 3240 | J38: =F38*G38+H38*I38 -> 0 | K38: =E38/(J38) -> #DIV/0! | M38: =E38+'6-10-22'!M38 -> 555 | N38: =M38/C38 -> 0.1712963 | O38: =J38+'6-10-22'!O38 -> 25.5 | P38: =M38/O38 -> 21.764706
B40: Grout (123/HR) | C40: 25 | J40: =F40*G40+H40*I40 -> 0 | K40: =E40/(J40) -> #DIV/0! | M40: =E40+'6-10-22'!M40 -> 0 | N40: =M40/C40 -> 0 | O40: =J40+'6-10-22'!O40 -> 0 | P40: =M40/O40 -> #DIV/0!
B42: Owner/Contractor Delay | J42: =F42*G42+H42*I42 -> 0 | K42: =E42/(J42) -> #DIV/0! | M42: =E42+'6-10-22'!M42 -> 0 | N42: =M42/C42 -> #VALUE! | O42: =J42+'6-10-22'!O42 -> 0 | P42: =M42/O42 -> #DIV/0!
B44: Work Outside Original Scope | J44: =F44*G44+H44*I44 -> 0 | K44: =E44/(J44) -> #DIV/0! | M44: =E44+'6-10-22'!M44 -> #VALUE! | N44: =M44/C44 -> #VALUE! | O44: =J44+'6-10-22'!O44 -> 99 | P44: =M44/O44 -> #VALUE!
B46: Weather Delay | J46: =F46*G46+H46*I46 -> 0 | K46: =E46/(J46) -> #DIV/0! | M46: =E46+'6-10-22'!M46 -> 0 | N46: =M46/C46 -> #DIV/0! | O46: =J46+'6-10-22'!O46 -> 225.75 | P46: =M46/O46 -> 0
B47: Total: | J47: =J20+J22+J24+J26+J28+J30+J32+J34+J36+J38+J40+J42+J44+J46 -> 72 | O47: =O20+O22+O24+O26+O28+O30+O32+O34+O36+O38+O40+O42+O44+O46 -> 2055
B49: NOTES: | C49: DEPLOYED, WELDED & TESTED 9 PANELS x 255/ft 100 MIL.LINER
B51: TEMP: | C51: L-70 H- 104
B53: WEATHER: | C53: HOT SUNNY HIGHS AROUND 105 SOUTHWEST WINDS 15 TO 20 MPH

Sheet 6-10-22
A1: Daily Production Log
B3: Job: | C3: SW Cheese | F3: Total Budgeted Hours: | G3: 4355 | H3: Total Job Days: | I3: 49
B4: Project Number: | C4: 300155 | F4: Total Hours to Date: | G4: =J16+'6-9-22'!G4 -> 1983 | H4: No. of days to date: | I4: 26
B5: Date of Report | C5: 44722
A7: Personnel | C7: Name | E7: Hours | F7: Veh. No. | H7: Name | J7: Hours
A8: 1 | B8: Super: | C8: JOHNSTON, B. (Walter) | E8: 9 | F8: 66 | G8: 9 | H8: GONZALES, M. (Marcos) | J8: 9
A9: 2 | B9: Foreman: | C9: CRUZ, L. (Lucas) | E9: 9 | G9: 10
A10: 3 | B10: QC: | C10: *NIETO, M. (Mario) | E10: 9 | F10: 78 | G10: 11
A11: 4 | B11: Techs: | C11: HERNANDEZ, B. (Bonofocio) | E11: 9 | G11: 12
A12: 5 | C12: ROMERO, J. (Jose) | E12: 9 | G12: 13
A13: 6 | C13: *LOPEZ, J. (Jamie) | E13: 9 | F13: 74 | G13: 14
A14: 7 | C14: MORGAN, L (Luke) | E14: 9 | G14: 15
A15: 8 | C15: NELCA, D. (Dennis) | E15: 9 | G15: 16
H16: TOTAL | J16: =SUM(E8:E15)+SUM(J8:J15) -> 81
B18: Description | C18: Total Sq Ft | D18: Sq. Ft. per Man Hour | E18: Sq. Ft. per Day | F18: No. Techs | G18: Hours | H18: No. Techs | I18: Hours | J18: Total Hours | K18: Actual Sq. Ft. per Hour | M18: Total Production for Job | N18: % | O18: Total Hours for Job | P18: Production Rate for Total Job
B20: MOB | C20: 1 | D20: 1 | G20: 0 | J20: =F20*G20+H20*I20 -> 0 | K20: =E20/(J20) -> #DIV/0! | M20: 0 | N20: =M20/C20 -> 0 | O20: =J20+'6-9-22'!O20 -> 108 | P20: =M20/O20 -> 0
B22: Remove Insulation Cover (SF) | C22: 125400 | J22: =F22*G22+H22*I22 -> 0 | K22: =E22/(J22) -> #DIV/0! | M22: =E22+'6-9-22'!M22 -> 125400 | N22: =M22/C22 -> 1 | O22: =J22+'6-9-22'!O22 -> 679.75 | P22: =M22/O22 -> 184.47959
B24: Remove Primary Cover (SF) | C24: 125400 | J24: =F24*G24+H24*I24 -> 0 | K24: =E24/(J24) -> #DIV/0! | M24: =E24+'6-9-22'!M24 -> 125400 | N24: =M24/C24 -> 1 | O24: =J24+'6-9-22'!O24 -> 449.75 | P24: =M24/O24 -> 278.82157
B26: Remove Existing Battens | C26: 3040 | E26: 390 | F26: 3 | G26: 6 | J26: =F26*G26+H26*I26 -> 18 | K26: =E26/(J26) -> 21.666667 | M26: =E26+'6-9-22'!M26 -> 1516 | N26: =M26/C26 -> 0.49868421 | O26: =J26+'6-9-22'!O26 -> 80 | P26: =M26/O26 -> 18.95
B28: Installation New Batttens | C28: 3040 | E28: 390 | F28: 6 | G28: 6 | J28: =F28*G28+H28*I28 -> 36 | K28: =E28/(J28) -> 10.833333 | M28: =E28+'6-9-22'!M28 -> 853 | N28: =M28/C28 -> 0.28059211 | O28: =J28+'6-9-22'!O28 -> 82 | P28: =M28/O28 -> 10.402439
B30: Install 100 Mil Cover | C30: 125400 | F30: 9 | G30: 3 | J30: =F30*G30+H30*I30 -> 27 | K30: =E30/(J30) -> 0 | M30: =E30+'6-9-22'!M30 -> 0 | N30: =M30/C30 -> 0 | O30: =J30+'6-9-22'!O30 -> 209.25 | P30: =M30/O30 -> 0
B32: Patches & Straps | C32: 324 | J32: =F32*G32+H32*I32 -> 0 | K32: =E32/(J32) -> #DIV/0! | M32: =E32+'6-9-22'!M32 -> 0 | N32: =M32/C32 -> 0 | O32: =J32+'6-9-22'!O32 -> 0 | P32: =M32/O32 -> #DIV/0!
B34: 60 Mil Cover & Foam | C34: 115000 | J34: =F34*G34+H34*I34 -> 0 | K34: =E34/(J34) -> #DIV/0! | M34: =E34+'6-9-22'!M34 -> 0 | N34: =M34/C34 -> 0 | O34: =J34+'6-9-22'!O34 -> 0 | P34: =M34/O34 -> #DIV/0!
B36: Sample Ports | C36: 8 | J36: =F36*G36+H36*I36 -> 0 | K36: =E36/(J36) -> #DIV/0! | M36: =E36+'6-9-22'!M36 -> 0 | N36: =M36/C36 -> 0 | O36: =J36+'6-9-22'!O36 -> 24 | P36: =M36/O36 -> 0
B38: Ballast Pipes | C38: =2760+480 -> 3240 | J38: =F38*G38+H38*I38 -> 0 | K38: =E38/(J38) -> #DIV/0! | M38: =E38+'6-9-22'!M38 -> 555 | N38: =M38/C38 -> 0.1712963 | O38: =J38+'6-9-22'!O38 -> 25.5 | P38: =M38/O38 -> 21.764706
B40: Grout (123/HR) | C40: 25 | J40: =F40*G40+H40*I40 -> 0 | K40: =E40/(J40) -> #DIV/0! | M40: =E40+'6-9-22'!M40 -> 0 | N40: =M40/C40 -> 0 | O40: =J40+'6-9-22'!O40 -> 0 | P40: =M40/O40 -> #DIV/0!
B42: Owner/Contractor Delay | J42: =F42*G42+H42*I42 -> 0 | K42: =E42/(J42) -> #DIV/0! | M42: =E42+'6-9-22'!M42 -> 0 | N42: =M42/C42 -> #VALUE! | O42: =J42+'6-9-22'!O42 -> 0 | P42: =M42/O42 -> #DIV/0!
B44: Work Outside Original Scope | J44: =F44*G44+H44*I44 -> 0 | K44: =E44/(J44) -> #DIV/0! | M44: =E44+'6-9-22'!M44 -> #VALUE! | N44: =M44/C44 -> #VALUE! | O44: =J44+'6-9-22'!O44 -> 99 | P44: =M44/O44 -> #VALUE!
B46: Weather Delay | J46: =F46*G46+H46*I46 -> 0 | K46: =E46/(J46) -> #DIV/0! | M46: =E46+'6-9-22'!M46 -> 0 | N46: =M46/C46 -> #DIV/0! | O46: =J46+'6-9-22'!O46 -> 225.75 | P46: =M46/O46 -> 0
B47: Total: | J47: =J20+J22+J24+J26+J28+J30+J32+J34+J36+J38+J40+J42+J44+J46 -> 81 | O47: =O20+O22+O24+O26+O28+O30+O32+O34+O36+O38+O40+O42+O44+O46 -> 1983
B49: NOTES: | C49: REMOVED OLD BATTENS +CUT OLD BOLTS PRESET NEW BATTENS STAGED SANDBAGS + SANDTUBES SET UP WELDER AND TESTED
B51: TEMP: | C51: L -64 H - 97
B53: WEATHER: | C53: HOT MOSTLY SUNNY HIGHS IN THE 90s WEST WINDS 15 TO 20 BECOMING NORTHEAST THIS AFTERNOON

Sheet 6-9-22
A1: Daily Production Log
B3: Job: | C3: SW Cheese | F3: Total Budgeted Hours: | G3: 4355 | H3: Total Job Days: | I3: 49
B4: Project Number: | C4: 300155 | F4: Total Hours to Date: | G4: =J16+'6-8-22'!G4 -> 1902 | H4: No. of days to date: | I4: 25
B5: Date of Report | C5: 44721
A7: Personnel | C7: Name | E7: Hours | F7: Veh. No. | H7: Name | J7: Hours
A8: 1 | B8: Super: | C8: JOHNSTON, B. (Walter) | E8: 9 | F8: 66 | G8: 9 | H8: GONZALES, M. (Marcos) | J8: 9
A9: 2 | B9: Foreman: | C9: CRUZ, L. (Lucas) | E9: 9 | G9: 10
A10: 3 | B10: QC: | C10: *NIETO, M. (Mario) | E10: 9 | F10: 78 | G10: 11
A11: 4 | B11: Techs: | C11: HERNANDEZ, B. (Bonofocio) | E11: 9 | G11: 12
A12: 5 | C12: ROMERO, J. (Jose) | E12: 9 | G12: 13
A13: 6 | C13: *LOPEZ, J. (Jamie) | E13: 9 | F13: 74 | G13: 14
A14: 7 | C14: MORGAN, L (Luke) | E14: 9 | G14: 15
A15: 8 | C15: NELCA, D. (Dennis) | E15: 9 | G15: 16
H16: TOTAL | J16: =SUM(E8:E15)+SUM(J8:J15) -> 81
B18: Description | C18: Total Sq Ft | D18: Sq. Ft. per Man Hour | E18: Sq. Ft. per Day | F18: No. Techs | G18: Hours | H18: No. Techs | I18: Hours | J18: Total Hours | K18: Actual Sq. Ft. per Hour | M18: Total Production for Job | N18: % | O18: Total Hours for Job | P18: Production Rate for Total Job
B20: MOB | C20: 1 | D20: 1 | G20: 0 | J20: =F20*G20+H20*I20 -> 0 | K20: =E20/(J20) -> #DIV/0! | M20: 0 | N20: =M20/C20 -> 0 | O20: =J20+'6-8-22'!O20 -> 108 | P20: =M20/O20 -> 0
B22: Remove Insulation Cover (SF) | C22: 125400 | J22: =F22*G22+H22*I22 -> 0 | K22: =E22/(J22) -> #DIV/0! | M22: =E22+'6-8-22'!M22 -> 125400 | N22: =M22/C22 -> 1 | O22: =J22+'6-8-22'!O22 -> 679.75 | P22: =M22/O22 -> 184.47959
B24: Remove Primary Cover (SF) | C24: 125400 | J24: =F24*G24+H24*I24 -> 0 | K24: =E24/(J24) -> #DIV/0! | M24: =E24+'6-8-22'!M24 -> 125400 | N24: =M24/C24 -> 1 | O24: =J24+'6-8-22'!O24 -> 449.75 | P24: =M24/O24 -> 278.82157
B26: Remove Existing Battens | C26: 3040 | E26: 663 | F26: 3 | G26: 5 | J26: =F26*G26+H26*I26 -> 15 | K26: =E26/(J26) -> 44.2 | M26: =E26+'6-8-22'!M26 -> 1126 | N26: =M26/C26 -> 0.37039474 | O26: =J26+'6-8-22'!O26 -> 62 | P26: =M26/O26 -> 18.16129
B28: Installation New Batttens | C28: 3040 | F28: 6 | G28: 5 | J28: =F28*G28+H28*I28 -> 30 | K28: =E28/(J28) -> 0 | M28: =E28+'6-8-22'!M28 -> 463 | N28: =M28/C28 -> 0.15230263 | O28: =J28+'6-8-22'!O28 -> 46 | P28: =M28/O28 -> 10.065217
B30: Install 100 Mil Cover | C30: 125400 | J30: =F30*G30+H30*I30 -> 0 | K30: =E30/(J30) -> #DIV/0! | M30: =E30+'6-8-22'!M30 -> 0 | N30: =M30/C30 -> 0 | O30: =J30+'6-8-22'!O30 -> 182.25 | P30: =M30/O30 -> 0
B32: Patches & Straps | C32: 324 | J32: =F32*G32+H32*I32 -> 0 | K32: =E32/(J32) -> #DIV/0! | M32: =E32+'6-8-22'!M32 -> 0 | N32: =M32/C32 -> 0 | O32: =J32+'6-8-22'!O32 -> 0 | P32: =M32/O32 -> #DIV/0!
B34: 60 Mil Cover & Foam | C34: 115000 | J34: =F34*G34+H34*I34 -> 0 | K34: =E34/(J34) -> #DIV/0! | M34: =E34+'6-8-22'!M34 -> 0 | N34: =M34/C34 -> 0 | O34: =J34+'6-8-22'!O34 -> 0 | P34: =M34/O34 -> #DIV/0!
B36: Sample Ports | C36: 8 | J36: =F36*G36+H36*I36 -> 0 | K36: =E36/(J36) -> #DIV/0! | M36: =E36+'6-8-22'!M36 -> 0 | N36: =M36/C36 -> 0 | O36: =J36+'6-8-22'!O36 -> 24 | P36: =M36/O36 -> 0
B38: Ballast Pipes | C38: =2760+480 -> 3240 | J38: =F38*G38+H38*I38 -> 0 | K38: =E38/(J38) -> #DIV/0! | M38: =E38+'6-8-22'!M38 -> 555 | N38: =M38/C38 -> 0.1712963 | O38: =J38+'6-8-22'!O38 -> 25.5 | P38: =M38/O38 -> 21.764706
B40: Grout (123/HR) | C40: 25 | J40: =F40*G40+H40*I40 -> 0 | K40: =E40/(J40) -> #DIV/0! | M40: =E40+'6-8-22'!M40 -> 0 | N40: =M40/C40 -> 0 | O40: =J40+'6-8-22'!O40 -> 0 | P40: =M40/O40 -> #DIV/0!
B42: Owner/Contractor Delay | J42: =F42*G42+H42*I42 -> 0 | K42: =E42/(J42) -> #DIV/0! | M42: =E42+'6-8-22'!M42 -> 0 | N42: =M42/C42 -> #VALUE! | O42: =J42+'6-8-22'!O42 -> 0 | P42: =M42/O42 -> #DIV/0!
B44: Work Outside Original Scope | E44: Welded Biogas | F44: 9 | G44: 4 | J44: =F44*G44+H44*I44 -> 36 | K44: =E44/(J44) -> #VALUE! | M44: =E44+'6-8-22'!M44 -> #VALUE! | N44: =M44/C44 -> #VALUE! | O44: =J44+'6-8-22'!O44 -> 99 | P44: =M44/O44 -> #VALUE!
E45: Straps 5' centers
B46: Weather Delay | J46: =F46*G46+H46*I46 -> 0 | K46: =E46/(J46) -> #DIV/0! | M46: =E46+'6-8-22'!M46 -> 0 | N46: =M46/C46 -> #DIV/0! | O46: =J46+'6-8-22'!O46 -> 225.75 | P46: =M46/O46 -> 0
B47: Total: | J47: =J20+J22+J24+J26+J28+J30+J32+J34+J36+J38+J40+J42+J44+J46 -> 81 | O47: =O20+O22+O24+O26+O28+O30+O32+O34+O36+O38+O40+O42+O44+O46 -> 1902
B49: NOTES: | C49: WELDED BIOGAS STRAPS NO 5 FT. CENTER REMOVED 663 FT. OF OLD BATTENS PRESET 663 FT OF NEW BATTEN
B51: TEMP: | C51: L -61 H - 90s
B53: WEATHER: | C53: BREEZY + WARMER PARTLY CLOUDY THIS MORNING THEN BECOMING MOSTLY SUNNY WINDS THIS MORNING 7 MPH
C54: SOUTH WINDS 15 TO 25

Sheet 6-8-22
A1: Daily Production Log
B3: Job: | C3: SW Cheese | F3: Total Budgeted Hours: | G3: 4355 | H3: Total Job Days: | I3: 49
B4: Project Number: | C4: 300155 | F4: Total Hours to Date: | G4: =J16+'6-7-22'!G4 -> 1821 | H4: No. of days to date: | I4: 24
B5: Date of Report | C5: 44720
A7: Personnel | C7: Name | E7: Hours | F7: Veh. No. | H7: Name | J7: Hours
A8: 1 | B8: Super: | C8: JOHNSTON, B. (Walter) | E8: 9 | F8: 66 | G8: 9 | H8: GONZALES, M. (Marcos) | J8: 9
A9: 2 | B9: Foreman: | C9: CRUZ, L. (Lucas) | E9: 9 | G9: 10
A10: 3 | B10: QC: | C10: *NIETO, M. (Mario) | E10: 9 | F10: 78 | G10: 11
A11: 4 | B11: Techs: | C11: HERNANDEZ, B. (Bonofocio) | E11: 9 | G11: 12
A12: 5 | C12: ROMERO, J. (Jose) | E12: 9 | G12: 13
A13: 6 | C13: *LOPEZ, J. (Jamie) | E13: 9 | F13: 74 | G13: 14
A14: 7 | C14: MORGAN, L (Luke) | E14: 9 | G14: 15
A15: 8 | C15: NELCA, D. (Dennis) | E15: 9 | G15: 16
H16: TOTAL | J16: =SUM(E8:E15)+SUM(J8:J15) -> 81
B18: Description | C18: Total Sq Ft | D18: Sq. Ft. per Man Hour | E18: Sq. Ft. per Day | F18: No. Techs | G18: Hours | H18: No. Techs | I18: Hours | J18: Total Hours | K18: Actual Sq. Ft. per Hour | M18: Total Production for Job | N18: % | O18: Total Hours for Job | P18: Production Rate for Total Job
B20: MOB | C20: 1 | D20: 1 | G20: 0 | J20: =F20*G20+H20*I20 -> 0 | K20: =E20/(J20) -> #DIV/0! | M20: 0 | N20: =M20/C20 -> 0 | O20: =J20+'6-7-22'!O20 -> 108 | P20: =M20/O20 -> 0
B22: Remove Insulation Cover (SF) | C22: 125400 | J22: =F22*G22+H22*I22 -> 0 | K22: =E22/(J22) -> #DIV/0! | M22: =E22+'6-7-22'!M22 -> 125400 | N22: =M22/C22 -> 1 | O22: =J22+'6-7-22'!O22 -> 679.75 | P22: =M22/O22 -> 184.47959
B24: Remove Primary Cover (SF) | C24: 125400 | J24: =F24*G24+H24*I24 -> 0 | K24: =E24/(J24) -> #DIV/0! | M24: =E24+'6-7-22'!M24 -> 125400 | N24: =M24/C24 -> 1 | O24: =J24+'6-7-22'!O24 -> 449.75 | P24: =M24/O24 -> 278.82157
B26: Remove Existing Battens | C26: 3040 | J26: =F26*G26+H26*I26 -> 0 | K26: =E26/(J26) -> #DIV/0! | M26: =E26+'6-7-22'!M26 -> 463 | N26: =M26/C26 -> 0.15230263 | O26: =J26+'6-7-22'!O26 -> 47 | P26: =M26/O26 -> 9.8510638
B28: Installation New Batttens | C28: 3040 | J28: =F28*G28+H28*I28 -> 0 | K28: =E28/(J28) -> #DIV/0! | M28: =E28+'6-7-22'!M28 -> 463 | N28: =M28/C28 -> 0.15230263 | O28: =J28+'6-7-22'!O28 -> 16 | P28: =M28/O28 -> 28.9375
B30: Install 100 Mil Cover | C30: 125400 | J30: =F30*G30+H30*I30 -> 0 | K30: =E30/(J30) -> #DIV/0! | M30: =E30+'6-7-22'!M30 -> 0 | N30: =M30/C30 -> 0 | O30: =J30+'6-7-22'!O30 -> 182.25 | P30: =M30/O30 -> 0
B32: Patches & Straps | C32: 324 | J32: =F32*G32+H32*I32 -> 0 | K32: =E32/(J32) -> #DIV/0! | M32: =E32+'6-7-22'!M32 -> 0 | N32: =M32/C32 -> 0 | O32: =J32+'6-7-22'!O32 -> 0 | P32: =M32/O32 -> #DIV/0!
B34: 60 Mil Cover & Foam | C34: 115000 | J34: =F34*G34+H34*I34 -> 0 | K34: =E34/(J34) -> #DIV/0! | M34: =E34+'6-7-22'!M34 -> 0 | N34: =M34/C34 -> 0 | O34: =J34+'6-7-22'!O34 -> 0 | P34: =M34/O34 -> #DIV/0!
B36: Sample Ports | C36: 8 | J36: =F36*G36+H36*I36 -> 0 | K36: =E36/(J36) -> #DIV/0! | M36: =E36+'6-7-22'!M36 -> 0 | N36: =M36/C36 -> 0 | O36: =J36+'6-7-22'!O36 -> 24 | P36: =M36/O36 -> 0
B38: Ballast Pipes | C38: =2760+480 -> 3240 | J38: =F38*G38+H38*I38 -> 0 | K38: =E38/(J38) -> #DIV/0! | M38: =E38+'6-7-22'!M38 -> 555 | N38: =M38/C38 -> 0.1712963 | O38: =J38+'6-7-22'!O38 -> 25.5 | P38: =M38/O38 -> 21.764706
B40: Grout (123/HR) | C40: 25 | J40: =F40*G40+H40*I40 -> 0 | K40: =E40/(J40) -> #DIV/0! | M40: =E40+'6-7-22'!M40 -> 0 | N40: =M40/C40 -> 0 | O40: =J40+'6-7-22'!O40 -> 0 | P40: =M40/O40 -> #DIV/0!
B42: Owner/Contractor Delay | J42: =F42*G42+H42*I42 -> 0 | K42: =E42/(J42) -> #DIV/0! | M42: =E42+'6-7-22'!M42 -> 0 | N42: =M42/C42 -> #VALUE! | O42: =J42+'6-7-22'!O42 -> 0 | P42: =M42/O42 -> #DIV/0!
B44: Work Outside Original Scope | E44: Add 600 ft biogas | F44: 9 | G44: 7 | J44: =F44*G44+H44*I44 -> 63 | K44: =E44/(J44) -> #VALUE! | M44: =E44+'6-7-22'!M44 -> #VALUE! | N44: =M44/C44 -> #VALUE! | O44: =J44+'6-7-22'!O44 -> 63 | P44: =M44/O44 -> #VALUE!
E45: Straps 5' centers
B46: Weather Delay | D46: wind + dust storm | F46: 9 | G46: 2 | J46: =F46*G46+H46*I46 -> 18 | K46: =E46/(J46) -> 0 | M46: =E46+'6-7-22'!M46 -> 0 | N46: =M46/C46 -> #DIV/0! | O46: =J46+'6-7-22'!O46 -> 225.75 | P46: =M46/O46 -> 0
B47: Total: | D47: winds got up to 35 to 45 mph | J47: =J20+J22+J24+J26+J28+J30+J32+J34+J36+J38+J40+J42+J44+J46 -> 81 | O47: =O20+O22+O24+O26+O28+O30+O32+O34+O36+O38+O40+O42+O44+O46 -> 1821
B49: NOTES: | C49: WIND + DUST STORM ROLL IN AT 7:30 TO 9:30 NO RAIN ADD NO STRAPS TO BIOGAS PIPE 600 FT. DONE
B51: TEMP: | C51: L -61 H - 81
B53: WEATHER: | C53: WINDS THIS MORNING 9 MPH BREEZY +MOSTLY CLOUDY NORTHWEST WINDS 15 TO 25

Sheet 6-7-22
A1: Daily Production Log
B3: Job: | C3: SW Cheese | F3: Total Budgeted Hours: | G3: 4355 | H3: Total Job Days: | I3: 49
B4: Project Number: | C4: 300155 | F4: Total Hours to Date: | G4: =J16+'6-6-22'!G4 -> 1740 | H4: No. of days to date: | I4: 23
B5: Date of Report | C5: 44719
A7: Personnel | C7: Name | E7: Hours | F7: Veh. No. | H7: Name | J7: Hours
A8: 1 | B8: Super: | C8: JOHNSTON, B. (Walter) | E8: 9 | F8: 66 | G8: 9 | H8: GONZALES, M. (Marcos) | J8: 9
A9: 2 | B9: Foreman: | C9: CRUZ, L. (Lucas) | E9: 9 | G9: 10
A10: 3 | B10: QC: | C10: *NIETO, M. (Mario) | E10: 9 | F10: 78 | G10: 11
A11: 4 | B11: Techs: | C11: HERNANDEZ, B. (Bonofocio) | E11: 9 | G11: 12
A12: 5 | C12: ROMERO, J. (Jose) | E12: 9 | G12: 13
A13: 6 | C13: *LOPEZ, J. (Jamie) | E13: 9 | F13: 74 | G13: 14
A14: 7 | C14: MORGAN, L (Luke) | E14: 9 | G14: 15
A15: 8 | C15: NELCA, D. (Dennis) | E15: 9 | G15: 16
H16: TOTAL | J16: =SUM(E8:E15)+SUM(J8:J15) -> 81
B18: Description | C18: Total Sq Ft | D18: Sq. Ft. per Man Hour | E18: Sq. Ft. per Day | F18: No. Techs | G18: Hours | H18: No. Techs | I18: Hours | J18: Total Hours | K18: Actual Sq. Ft. per Hour | M18: Total Production for Job | N18: % | O18: Total Hours for Job | P18: Production Rate for Total Job
B20: MOB | C20: 1 | D20: 1 | G20: 0 | J20: =F20*G20+H20*I20 -> 0 | K20: =E20/(J20) -> #DIV/0! | M20: 0 | N20: =M20/C20 -> 0 | O20: =J20+'6-6-22'!O20 -> 108 | P20: =M20/O20 -> 0
B22: Remove Insulation Cover (SF) | C22: 125400 | J22: =F22*G22+H22*I22 -> 0 | K22: =E22/(J22) -> #DIV/0! | M22: =E22+'6-6-22'!M22 -> 125400 | N22: =M22/C22 -> 1 | O22: =J22+'6-6-22'!O22 -> 679.75 | P22: =M22/O22 -> 184.47959
B24: Remove Primary Cover (SF) | C24: 125400 | J24: =F24*G24+H24*I24 -> 0 | K24: =E24/(J24) -> #DIV/0! | M24: =E24+'6-6-22'!M24 -> 125400 | N24: =M24/C24 -> 1 | O24: =J24+'6-6-22'!O24 -> 449.75 | P24: =M24/O24 -> 278.82157
B26: Remove Existing Battens | C26: 3040 | E26: 463 | F26: 5 | G26: 4 | J26: =F26*G26+H26*I26 -> 20 | K26: =E26/(J26) -> 23.15 | M26: =E26+'6-6-22'!M26 -> 463 | N26: =M26/C26 -> 0.15230263 | O26: =J26+'6-6-22'!O26 -> 47 | P26: =M26/O26 -> 9.8510638
B28: Installation New Batttens | C28: 3040 | E28: 463 | F28: 4 | G28: 4 | J28: =F28*G28+H28*I28 -> 16 | K28: =E28/(J28) -> 28.9375 | M28: =E28+'6-6-22'!M28 -> 463 | N28: =M28/C28 -> 0.15230263 | O28: =J28+'6-6-22'!O28 -> 16 | P28: =M28/O28 -> 28.9375
B30: Install 100 Mil Cover | C30: 125400 | F30: 9 | G30: 5 | J30: =F30*G30+H30*I30 -> 45 | K30: =E30/(J30) -> 0 | M30: =E30+'6-6-22'!M30 -> 0 | N30: =M30/C30 -> 0 | O30: =J30+'6-6-22'!O30 -> 182.25 | P30: =M30/O30 -> 0
B32: Patches & Straps | C32: 324 | J32: =F32*G32+H32*I32 -> 0 | K32: =E32/(J32) -> #DIV/0! | M32: =E32+'6-6-22'!M32 -> 0 | N32: =M32/C32 -> 0 | O32: =J32+'6-6-22'!O32 -> 0 | P32: =M32/O32 -> #DIV/0!
B34: 60 Mil Cover & Foam | C34: 115000 | J34: =F34*G34+H34*I34 -> 0 | K34: =E34/(J34) -> #DIV/0! | M34: =E34+'6-6-22'!M34 -> 0 | N34: =M34/C34 -> 0 | O34: =J34+'6-6-22'!O34 -> 0 | P34: =M34/O34 -> #DIV/0!
B36: Sample Ports | C36: 8 | J36: =F36*G36+H36*I36 -> 0 | K36: =E36/(J36) -> #DIV/0! | M36: =E36+'6-6-22'!M36 -> 0 | N36: =M36/C36 -> 0 | O36: =J36+'6-6-22'!O36 -> 24 | P36: =M36/O36 -> 0
B38: Ballast Pipes | C38: =2760+480 -> 3240 | J38: =F38*G38+H38*I38 -> 0 | K38: =E38/(J38) -> #DIV/0! | M38: =E38+'6-6-22'!M38 -> 555 | N38: =M38/C38 -> 0.1712963 | O38: =J38+'6-6-22'!O38 -> 25.5 | P38: =M38/O38 -> 21.764706
B40: Grout (123/HR) | C40: 25 | J40: =F40*G40+H40*I40 -> 0 | K40: =E40/(J40) -> #DIV/0! | M40: =E40+'6-6-22'!M40 -> 0 | N40: =M40/C40 -> 0 | O40: =J40+'6-6-22'!O40 -> 0 | P40: =M40/O40 -> #DIV/0!
B42: Owner/Contractor Delay | J42: =F42*G42+H42*I42 -> 0 | K42: =E42/(J42) -> #DIV/0! | M42: =E42+'6-6-22'!M42 -> 0 | N42: =M42/C42 -> #VALUE! | O42: =J42+'6-6-22'!O42 -> 0 | P42: =M42/O42 -> #DIV/0!
B44: Work Outside Original Scope | J44: =F44*G44+H44*I44 -> 0 | K44: =E44/(J44) -> #DIV/0! | M44: =E44+'6-6-22'!M44 -> 0 | N44: =M44/C44 -> #VALUE! | O44: =J44+'6-6-22'!O44 -> 0 | P44: =M44/O44 -> #DIV/0!
B46: Weather Delay | J46: =F46*G46+H46*I46 -> 0 | K46: =E46/(J46) -> #DIV/0! | M46: =E46+'6-6-22'!M46 -> 0 | N46: =M46/C46 -> #DIV/0! | O46: =J46+'6-6-22'!O46 -> 207.75 | P46: =M46/O46 -> 0
B47: Total: | J47: =J20+J22+J24+J26+J28+J30+J32+J34+J36+J38+J40+J42+J44+J46 -> 81 | O47: =O20+O22+O24+O26+O28+O30+O32+O34+O36+O38+O40+O42+O44+O46 -> 1740
B49: NOTES: | C49: WELDED 740 FT. BIOGAS STRAPS + REMOVED 463 FT. BATTENS + PRESET 463 FT. NEW BATTENS
B51: TEMP: | C51: L -69 H-81
B53: WEATHER: | C53: WINDS THIS MORNING 16 MPH MOSTLY CLOUDY SHOWER +THUNDERSTORM SOME MAY PRODUCE DAMAGING WIND + LARGE HAIL THIS AFTERNOON
C54: HIGH IN THE 80s EAST WINDS 15 TO 20 MPH

Sheet 6-6-22
A1: Daily Production Log
B3: Job: | C3: SW Cheese | F3: Total Budgeted Hours: | G3: 4355 | H3: Total Job Days: | I3: 49
B4: Project Number: | C4: 300155 | F4: Total Hours to Date: | G4: =J16+'6-5-22'!G4 -> 1659 | H4: No. of days to date: | I4: 22
B5: Date of Report | C5: 44718
A7: Personnel | C7: Name | E7: Hours | F7: Veh. No. | H7: Name | J7: Hours
A8: 1 | B8: Super: | C8: JOHNSTON, B. (Walter) | E8: 9.75 | F8: 66 | G8: 9 | H8: GONZALES, M. (Marcos) | J8: 9.75
A9: 2 | B9: Foreman: | C9: CRUZ, L. (Lucas) | E9: 9.75 | G9: 10
A10: 3 | B10: QC: | C10: *NIETO, M. (Mario) | E10: 9.75 | F10: 78 | G10: 11
A11: 4 | B11: Techs: | C11: HERNANDEZ, B. (Bonofocio) | E11: 9.75 | G11: 12
A12: 5 | C12: ROMERO, J. (Jose) | E12: 9.75 | G12: 13
A13: 6 | C13: *LOPEZ, J. (Jamie) | E13: 9.75 | F13: 74 | G13: 14
A14: 7 | C14: MORGAN, L (Luke) | E14: 9.75 | G14: 15
A15: 8 | C15: NELCA, D. (Dennis) | E15: 9.75 | G15: 16
H16: TOTAL | J16: =SUM(E8:E15)+SUM(J8:J15) -> 87.75
B18: Description | C18: Total Sq Ft | D18: Sq. Ft. per Man Hour | E18: Sq. Ft. per Day | F18: No. Techs | G18: Hours | H18: No. Techs | I18: Hours | J18: Total Hours | K18: Actual Sq. Ft. per Hour | M18: Total Production for Job | N18: % | O18: Total Hours for Job | P18: Production Rate for Total Job
B20: MOB | C20: 1 | D20: 1 | G20: 0 | J20: =F20*G20+H20*I20 -> 0 | K20: =E20/(J20) -> #DIV/0! | M20: 0 | N20: =M20/C20 -> 0 | O20: =J20+'6-5-22'!O20 -> 108 | P20: =M20/O20 -> 0
B22: Remove Insulation Cover (SF) | C22: 125400 | J22: =F22*G22+H22*I22 -> 0 | K22: =E22/(J22) -> #DIV/0! | M22: =E22+'6-5-22'!M22 -> 125400 | N22: =M22/C22 -> 1 | O22: =J22+'6-5-22'!O22 -> 679.75 | P22: =M22/O22 -> 184.47959
B24: Remove Primary Cover (SF) | C24: 125400 | J24: =F24*G24+H24*I24 -> 0 | K24: =E24/(J24) -> #DIV/0! | M24: =E24+'6-5-22'!M24 -> 125400 | N24: =M24/C24 -> 1 | O24: =J24+'6-5-22'!O24 -> 449.75 | P24: =M24/O24 -> 278.82157
B26: Remove Existing Battens | C26: 3040 | J26: =F26*G26+H26*I26 -> 0 | K26: =E26/(J26) -> #DIV/0! | M26: =E26+'6-5-22'!M26 -> 0 | N26: =M26/C26 -> 0 | O26: =J26+'6-5-22'!O26 -> 27 | P26: =M26/O26 -> 0
B28: Installation New Batttens | C28: 3040 | J28: =F28*G28+H28*I28 -> 0 | K28: =E28/(J28) -> #DIV/0! | M28: =E28+'6-5-22'!M28 -> 0 | N28: =M28/C28 -> 0 | O28: =J28+'6-5-22'!O28 -> 0 | P28: =M28/O28 -> #DIV/0!
B30: Install 100 Mil Cover | C30: 125400 | H30: 9 | I30: 9.75 | J30: =F30*G30+H30*I30 -> 87.75 | K30: =E30/(J30) -> 0 | M30: =E30+'6-5-22'!M30 -> 0 | N30: =M30/C30 -> 0 | O30: =J30+'6-5-22'!O30 -> 137.25 | P30: =M30/O30 -> 0
B32: Patches & Straps | C32: 324 | J32: =F32*G32+H32*I32 -> 0 | K32: =E32/(J32) -> #DIV/0! | M32: =E32+'6-5-22'!M32 -> 0 | N32: =M32/C32 -> 0 | O32: =J32+'6-5-22'!O32 -> 0 | P32: =M32/O32 -> #DIV/0!
B34: 60 Mil Cover & Foam | C34: 115000 | J34: =F34*G34+H34*I34 -> 0 | K34: =E34/(J34) -> #DIV/0! | M34: =E34+'6-5-22'!M34 -> 0 | N34: =M34/C34 -> 0 | O34: =J34+'6-5-22'!O34 -> 0 | P34: =M34/O34 -> #DIV/0!
B36: Sample Ports | C36: 8 | J36: =F36*G36+H36*I36 -> 0 | K36: =E36/(J36) -> #DIV/0! | M36: =E36+'6-5-22'!M36 -> 0 | N36: =M36/C36 -> 0 | O36: =J36+'6-5-22'!O36 -> 24 | P36: =M36/O36 -> 0
B38: Ballast Pipes | C38: =2760+480 -> 3240 | J38: =F38*G38+H38*I38 -> 0 | K38: =E38/(J38) -> #DIV/0! | M38: =E38+'6-5-22'!M38 -> 555 | N38: =M38/C38 -> 0.1712963 | O38: =J38+'6-5-22'!O38 -> 25.5 | P38: =M38/O38 -> 21.764706
B40: Grout (123/HR) | C40: 25 | J40: =F40*G40+H40*I40 -> 0 | K40: =E40/(J40) -> #DIV/0! | M40: =E40+'6-5-22'!M40 -> 0 | N40: =M40/C40 -> 0 | O40: =J40+'6-5-22'!O40 -> 0 | P40: =M40/O40 -> #DIV/0!
B42: Owner/Contractor Delay | J42: =F42*G42+H42*I42 -> 0 | K42: =E42/(J42) -> #DIV/0! | M42: =E42+'6-5-22'!M42 -> 0 | N42: =M42/C42 -> #VALUE! | O42: =J42+'6-5-22'!O42 -> 0 | P42: =M42/O42 -> #DIV/0!
B44: Work Outside Original Scope | J44: =F44*G44+H44*I44 -> 0 | K44: =E44/(J44) -> #DIV/0! | M44: =E44+'6-5-22'!M44 -> 0 | N44: =M44/C44 -> #VALUE! | O44: =J44+'6-5-22'!O44 -> 0 | P44: =M44/O44 -> #DIV/0!
B46: Weather Delay | J46: =F46*G46+H46*I46 -> 0 | K46: =E46/(J46) -> #DIV/0! | M46: =E46+'6-5-22'!M46 -> 0 | N46: =M46/C46 -> #DIV/0! | O46: =J46+'6-5-22'!O46 -> 207.75 | P46: =M46/O46 -> 0
B47: Total: | J47: =J20+J22+J24+J26+J28+J30+J32+J34+J36+J38+J40+J42+J44+J46 -> 87.75 | O47: =O20+O22+O24+O26+O28+O30+O32+O34+O36+O38+O40+O42+O44+O46 -> 1659
B49: NOTES: | C49: CLEANED + WELDED BIOGAS STRAPS (BOTH SIDES) 10' ON CENTER FOR 740 FEET OF 8" BIOGAS PIPE
C50: 740 FEET LEFT TO WELD STRAPS ON 8" BIOGAS PIPE.
B51: TEMP: | C51: L - 69 H - 91
B53: WEATHER: | C53: WINDS THIS MORNING 15 MPH MOSTLY SUNNY HIGHS IN THE 90s NORTH WINDS AROUND 15 MPH BECOMING EAST THIS AFTERNOON
C55: Sand Tubes on Primary Cover (5/27 - 5/29/22)
C57: NO. TECHS | D57: 9
C58: TOTAL HOURS | D58: ='5-27-22'!J24+'5-28-22'!J24+'5-29-22'!J24 -> 218.25

Sheet 6-5-22
A1: Daily Production Log
B3: Job: | C3: SW Cheese | F3: Total Budgeted Hours: | G3: 4355 | H3: Total Job Days: | I3: 49
B4: Project Number: | C4: 300155 | F4: Total Hours to Date: | G4: =J16+'6-4-22'!G4 -> 1571.25 | H4: No. of days to date: | I4: 21
B5: Date of Report | C5: 44717
A7: Personnel | C7: Name | E7: Hours | F7: Veh. No. | H7: Name | J7: Hours
A8: 1 | B8: Super: | C8: JOHNSTON, B. (Walter) | E8: 8 | F8: 66 | G8: 9 | H8: GONZALES, M. (Marcos) | J8: 8
A9: 2 | B9: Foreman: | C9: CRUZ, L. (Lucas) | E9: 8 | G9: 10
A10: 3 | B10: QC: | C10: *NIETO, M. (Mario) | E10: 8 | F10: 78 | G10: 11
A11: 4 | B11: Techs: | C11: HERNANDEZ, B. (Bonofocio) | E11: 8 | G11: 12
A12: 5 | C12: ROMERO, J. (Jose) | E12: 8 | G12: 13
A13: 6 | C13: *LOPEZ, J. (Jamie) | E13: 8 | F13: 74 | G13: 14
A14: 7 | C14: MORGAN, L (Luke) | E14: 8 | G14: 15
A15: 8 | C15: NELCA, D. (Dennis) | E15: 8 | G15: 16
H16: TOTAL | J16: =SUM(E8:E15)+SUM(J8:J15) -> 72
B18: Description | C18: Total Sq Ft | D18: Sq. Ft. per Man Hour | E18: Sq. Ft. per Day | F18: No. Techs | G18: Hours | H18: No. Techs | I18: Hours | J18: Total Hours | K18: Actual Sq. Ft. per Hour | M18: Total Production for Job | N18: % | O18: Total Hours for Job | P18: Production Rate for Total Job
B20: MOB | C20: 1 | D20: 1 | G20: 0 | J20: =F20*G20+H20*I20 -> 0 | K20: =E20/(J20) -> #DIV/0! | M20: 0 | N20: =M20/C20 -> 0 | O20: =J20+'6-4-22'!O20 -> 108 | P20: =M20/O20 -> 0
B22: Remove Insulation Cover (SF) | C22: 125400 | J22: =F22*G22+H22*I22 -> 0 | K22: =E22/(J22) -> #DIV/0! | M22: =E22+'5-26-22'!M22 -> 125400 | N22: =M22/C22 -> 1 | O22: =J22+'6-4-22'!O22 -> 679.75 | P22: =M22/O22 -> 184.47959
B24: Remove Primary Cover (SF) | C24: 125400 | H24: 9 | I24: 8 | J24: =F24*G24+H24*I24 -> 72 | K24: =E24/(J24) -> 0 | M24: =E24+'6-4-22'!M24 -> 125400 | N24: =M24/C24 -> 1 | O24: =J24+'6-4-22'!O24 -> 449.75 | P24: =M24/O24 -> 278.82157
B26: Remove Existing Battens | C26: 3040 | J26: =F26*G26+H26*I26 -> 0 | K26: =E26/(J26) -> #DIV/0! | M26: =E26+'6-4-22'!M26 -> 0 | N26: =M26/C26 -> 0 | O26: =J26+'6-4-22'!O26 -> 27 | P26: =M26/O26 -> 0
B28: Installation New Batttens | C28: 3040 | J28: =F28*G28+H28*I28 -> 0 | K28: =E28/(J28) -> #DIV/0! | M28: =E28+'6-4-22'!M28 -> 0 | N28: =M28/C28 -> 0 | O28: =J28+'6-4-22'!O28 -> 0 | P28: =M28/O28 -> #DIV/0!
B30: Install 100 Mil Cover | C30: 125400 | J30: =F30*G30+H30*I30 -> 0 | K30: =E30/(J30) -> #DIV/0! | M30: =E30+'6-4-22'!M30 -> 0 | N30: =M30/C30 -> 0 | O30: =J30+'6-4-22'!O30 -> 49.5 | P30: =M30/O30 -> 0
B32: Patches & Straps | C32: 324 | J32: =F32*G32+H32*I32 -> 0 | K32: =E32/(J32) -> #DIV/0! | M32: =E32+'6-4-22'!M32 -> 0 | N32: =M32/C32 -> 0 | O32: =J32+'6-4-22'!O32 -> 0 | P32: =M32/O32 -> #DIV/0!
B34: 60 Mil Cover & Foam | C34: 115000 | J34: =F34*G34+H34*I34 -> 0 | K34: =E34/(J34) -> #DIV/0! | M34: =E34+'6-4-22'!M34 -> 0 | N34: =M34/C34 -> 0 | O34: =J34+'6-4-22'!O34 -> 0 | P34: =M34/O34 -> #DIV/0!
B36: Sample Ports | C36: 8 | J36: =F36*G36+H36*I36 -> 0 | K36: =E36/(J36) -> #DIV/0! | M36: =E36+'6-4-22'!M36 -> 0 | N36: =M36/C36 -> 0 | O36: =J36+'6-4-22'!O36 -> 24 | P36: =M36/O36 -> 0
B38: Ballast Pipes | C38: =2760+480 -> 3240 | J38: =F38*G38+H38*I38 -> 0 | K38: =E38/(J38) -> #DIV/0! | M38: =E38+'6-4-22'!M38 -> 555 | N38: =M38/C38 -> 0.1712963 | O38: =J38+'6-4-22'!O38 -> 25.5 | P38: =M38/O38 -> 21.764706
B40: Grout (123/HR) | C40: 25 | J40: =F40*G40+H40*I40 -> 0 | K40: =E40/(J40) -> #DIV/0! | M40: =E40+'6-4-22'!M40 -> 0 | N40: =M40/C40 -> 0 | O40: =J40+'6-4-22'!O40 -> 0 | P40: =M40/O40 -> #DIV/0!
B42: Owner/Contractor Delay | J42: =F42*G42+H42*I42 -> 0 | K42: =E42/(J42) -> #DIV/0! | M42: =E42+'6-4-22'!M42 -> 0 | N42: =M42/C42 -> #VALUE! | O42: =J42+'6-4-22'!O42 -> 0 | P42: =M42/O42 -> #DIV/0!
B44: Work Outside Original Scope | J44: =F44*G44+H44*I44 -> 0 | K44: =E44/(J44) -> #DIV/0! | M44: =E44+'6-4-22'!M44 -> 0 | N44: =M44/C44 -> #VALUE! | O44: =J44+'6-4-22'!O44 -> 0 | P44: =M44/O44 -> #DIV/0!
B46: Weather Delay | J46: =F46*G46+H46*I46 -> 0 | K46: =E46/(J46) -> #DIV/0! | M46: =E46+'6-4-22'!M46 -> 0 | N46: =M46/C46 -> #DIV/0! | O46: =J46+'6-4-22'!O46 -> 207.75 | P46: =M46/O46 -> 0
B47: Total: | J47: =J20+J22+J24+J26+J28+J30+J32+J34+J36+J38+J40+J42+J44+J46 -> 72 | O47: =O20+O22+O24+O26+O28+O30+O32+O34+O36+O38+O40+O42+O44+O46 -> 1571.25
B49: NOTES: | C49: REMOVE OLD BIO GAS PIPE CLEANED 60 MIL. LINER ,TO WELD STRAPS CUT SOME ANCHOR BOLTS
B51: TEMP: | C51: L -59 H-85
B53: WEATHER: | C53: WINDS THIS MORNING 9 MPH HOT PARTLY CLONDY THIS MORNING THEN BECOMING MOSTLY SUNNY WEST WINDS 15 TO 20 MPH

Sheet 6-4-22
A1: Daily Production Log
B3: Job: | C3: SW Cheese | F3: Total Budgeted Hours: | G3: 4355 | H3: Total Job Days: | I3: 49
B4: Project Number: | C4: 300155 | F4: Total Hours to Date: | G4: =J16+'6-3-22'!G4 -> 1499.25 | H4: No. of days to date: | I4: 20
B5: Date of Report | C5: 44716
A7: Personnel | C7: Name | E7: Hours | F7: Veh. No. | H7: Name | J7: Hours
A8: 1 | B8: Super: | C8: JOHNSTON, B. (Walter) | E8: 9.25 | F8: 66 | G8: 9 | H8: GONZALES, M. (Marcos) | J8: 9.25
A9: 2 | B9: Foreman: | C9: CRUZ, L. (Lucas) | E9: 9.25 | G9: 10
A10: 3 | B10: QC: | C10: *NIETO, M. (Mario) | E10: 9.25 | F10: 78 | G10: 11
A11: 4 | B11: Techs: | C11: HERNANDEZ, B. (Bonofocio) | E11: 9.25 | G11: 12
A12: 5 | C12: ROMERO, J. (Jose) | E12: 9.25 | G12: 13
A13: 6 | C13: *LOPEZ, J. (Jamie) | E13: 9.25 | F13: 74 | G13: 14
A14: 7 | C14: MORGAN, L (Luke) | E14: 9.25 | G14: 15
A15: 8 | C15: NELCA, D. (Dennis) | E15: 9.25 | G15: 16
H16: TOTAL | J16: =SUM(E8:E15)+SUM(J8:J15) -> 83.25
B18: Description | C18: Total Sq Ft | D18: Sq. Ft. per Man Hour | E18: Sq. Ft. per Day | F18: No. Techs | G18: Hours | H18: No. Techs | I18: Hours | J18: Total Hours | K18: Actual Sq. Ft. per Hour | M18: Total Production for Job | N18: % | O18: Total Hours for Job | P18: Production Rate for Total Job
B20: MOB | C20: 1 | D20: 1 | G20: 0 | J20: =F20*G20+H20*I20 -> 0 | K20: =E20/(J20) -> #DIV/0! | M20: 0 | N20: =M20/C20 -> 0 | O20: =J20+'6-3-22'!O20 -> 108 | P20: =M20/O20 -> 0
B22: Remove Insulation Cover (SF) | C22: 125400 | J22: =F22*G22+H22*I22 -> 0 | K22: =E22/(J22) -> #DIV/0! | M22: =E22+'6-3-22'!M22 -> 125400 | N22: =M22/C22 -> 1 | O22: =J22+'6-3-22'!O22 -> 679.75 | P22: =M22/O22 -> 184.47959
B24: Remove Primary Cover (SF) | C24: 125400 | E24: 125400 | F24: 9 | G24: 9.25 | J24: =F24*G24+H24*I24 -> 83.25 | K24: =E24/(J24) -> 1506.3063 | M24: =E24+'6-3-22'!M24 -> 125400 | N24: =M24/C24 -> 1 | O24: =J24+'6-3-22'!O24 -> 377.75 | P24: =M24/O24 -> 331.96559
B26: Remove Existing Battens | C26: 3040 | J26: =F26*G26+H26*I26 -> 0 | K26: =E26/(J26) -> #DIV/0! | M26: =E26+'6-3-22'!M26 -> 0 | N26: =M26/C26 -> 0 | O26: =J26+'6-3-22'!O26 -> 27 | P26: =M26/O26 -> 0
B28: Installation New Batttens | C28: 3040 | J28: =F28*G28+H28*I28 -> 0 | K28: =E28/(J28) -> #DIV/0! | M28: =E28+'6-3-22'!M28 -> 0 | N28: =M28/C28 -> 0 | O28: =J28+'6-3-22'!O28 -> 0 | P28: =M28/O28 -> #DIV/0!
B30: Install 100 Mil Cover | C30: 125400 | J30: =F30*G30+H30*I30 -> 0 | K30: =E30/(J30) -> #DIV/0! | M30: =E30+'6-3-22'!M30 -> 0 | N30: =M30/C30 -> 0 | O30: =J30+'6-3-22'!O30 -> 49.5 | P30: =M30/O30 -> 0
B32: Patches & Straps | C32: 324 | J32: =F32*G32+H32*I32 -> 0 | K32: =E32/(J32) -> #DIV/0! | M32: =E32+'6-3-22'!M32 -> 0 | N32: =M32/C32 -> 0 | O32: =J32+'6-3-22'!O32 -> 0 | P32: =M32/O32 -> #DIV/0!
B34: 60 Mil Cover & Foam | C34: 115000 | J34: =F34*G34+H34*I34 -> 0 | K34: =E34/(J34) -> #DIV/0! | M34: =E34+'6-3-22'!M34 -> 0 | N34: =M34/C34 -> 0 | O34: =J34+'6-3-22'!O34 -> 0 | P34: =M34/O34 -> #DIV/0!
B36: Sample Ports | C36: 8 | J36: =F36*G36+H36*I36 -> 0 | K36: =E36/(J36) -> #DIV/0! | M36: =E36+'6-3-22'!M36 -> 0 | N36: =M36/C36 -> 0 | O36: =J36+'6-3-22'!O36 -> 24 | P36: =M36/O36 -> 0
B38: Ballast Pipes | C38: =2760+480 -> 3240 | J38: =F38*G38+H38*I38 -> 0 | K38: =E38/(J38) -> #DIV/0! | M38: =E38+'6-3-22'!M38 -> 555 | N38: =M38/C38 -> 0.1712963 | O38: =J38+'6-3-22'!O38 -> 25.5 | P38: =M38/O38 -> 21.764706
B40: Grout | C40: 25 | J40: =F40*G40+H40*I40 -> 0 | K40: =E40/(J40) -> #DIV/0! | M40: =E40+'6-3-22'!M40 -> 0 | N40: =M40/C40 -> 0 | O40: =J40+'6-3-22'!O40 -> 0 | P40: =M40/O40 -> #DIV/0!
B42: Owner/Contractor Delay | J42: =F42*G42+H42*I42 -> 0 | K42: =E42/(J42) -> #DIV/0! | M42: =E42+'6-3-22'!M42 -> 0 | N42: =M42/C42 -> #VALUE! | O42: =J42+'6-3-22'!O42 -> 0 | P42: =M42/O42 -> #DIV/0!
B44: Work Outside Original Scope | J44: =F44*G44+H44*I44 -> 0 | K44: =E44/(J44) -> #DIV/0! | M44: =E44+'6-3-22'!M44 -> 0 | N44: =M44/C44 -> #VALUE! | O44: =J44+'6-3-22'!O44 -> 0 | P44: =M44/O44 -> #DIV/0!
B46: Weather Delay | J46: =F46*G46+H46*I46 -> 0 | K46: =E46/(J46) -> #DIV/0! | M46: =E46+'6-3-22'!M46 -> 0 | N46: =M46/C46 -> #DIV/0! | O46: =J46+'6-3-22'!O46 -> 207.75 | P46: =M46/O46 -> 0
B47: Total: | J47: =J20+J22+J24+J26+J28+J30+J32+J34+J36+J38+J40+J42+J44+J46 -> 83.25 | O47: =O20+O22+O24+O26+O28+O30+O32+O34+O36+O38+O40+O42+O44+O46 -> 1499.25
B49: NOTES: | C49: NO RAIN OVERNIGHT BUT WINDS GOT UP TO 45 TO 50 MPH
B51: TEMP: | C51: L -63 H-85
B53: WEATHER: | C53: WARMER PARTLY CLOUDY THIS MORNING BECOMING MOSTLY SUNNY SOUTHWEST WINDS 15 TO 20 MPH

Sheet 6-3-22
A1: Daily Production Log
B3: Job: | C3: SW Cheese | F3: Total Budgeted Hours: | G3: 4355 | H3: Total Job Days: | I3: 49
B4: Project Number: | C4: 300155 | F4: Total Hours to Date: | G4: =J16+'6-2-22'!G4 -> 1416 | H4: No. of days to date: | I4: 19
B5: Date of Report | C5: 44715
A7: Personnel | C7: Name | E7: Hours | F7: Veh. No. | H7: Name | J7: Hours
A8: 1 | B8: Super: | C8: JOHNSTON, B. (Walter) | E8: 9.5 | F8: 66 | G8: 9 | H8: GONZALES, M. (Marcos) | J8: 9.5
A9: 2 | B9: Foreman: | C9: CRUZ, L. (Lucas) | E9: 9.5 | G9: 10
A10: 3 | B10: QC: | C10: *NIETO, M. (Mario) | E10: 9.5 | F10: 78 | G10: 11
A11: 4 | B11: Techs: | C11: HERNANDEZ, B. (Bonofocio) | E11: 9.5 | G11: 12
A12: 5 | C12: ROMERO, J. (Jose) | E12: 9.5 | G12: 13
A13: 6 | C13: *LOPEZ, J. (Jamie) | E13: 9.5 | F13: 74 | G13: 14
A14: 7 | C14: MORGAN, L (Luke) | E14: 9.5 | G14: 15
A15: 8 | C15: NELCA, D. (Dennis) | E15: 9.5 | G15: 16
H16: TOTAL | J16: =SUM(E8:E15)+SUM(J8:J15) -> 85.5
B18: Description | C18: Total Sq Ft | D18: Sq. Ft. per Man Hour | E18: Sq. Ft. per Day | F18: No. Techs | G18: Hours | H18: No. Techs | I18: Hours | J18: Total Hours | K18: Actual Sq. Ft. per Hour | M18: Total Production for Job | N18: % | O18: Total Hours for Job | P18: Production Rate for Total Job
B20: MOB | C20: 1 | D20: 1 | G20: 0 | J20: =F20*G20+H20*I20 -> 0 | K20: =E20/(J20) -> #DIV/0! | M20: 0 | N20: =M20/C20 -> 0 | O20: =J20+'6-2-22'!O20 -> 108 | P20: =M20/O20 -> 0
B22: Remove Insulation Cover (SF) | C22: 125400 | F22: 6 | G22: 2 | J22: =F22*G22+H22*I22 -> 12 | K22: =E22/(J22) -> 0 | M22: =E22+'6-2-22'!M22 -> 125400 | N22: =M22/C22 -> 1 | O22: =J22+'6-2-22'!O22 -> 679.75 | P22: =M22/O22 -> 184.47959
B24: Remove Primary Cover (SF) | C24: 125400 | J24: =F24*G24+H24*I24 -> 0 | K24: =E24/(J24) -> #DIV/0! | M24: =E24+'6-2-22'!M24 -> 0 | N24: =M24/C24 -> 0 | O24: =J24+'6-2-22'!O24 -> 294.5 | P24: =M24/O24 -> 0
B26: Remove Existing Battens | C26: 3040 | J26: =F26*G26+H26*I26 -> 0 | K26: =E26/(J26) -> #DIV/0! | M26: =E26+'6-2-22'!M26 -> 0 | N26: =M26/C26 -> 0 | O26: =J26+'6-2-22'!O26 -> 27 | P26: =M26/O26 -> 0
B28: Installation New Batttens | C28: 3040 | J28: =F28*G28+H28*I28 -> 0 | K28: =E28/(J28) -> #DIV/0! | M28: =E28+'6-2-22'!M28 -> 0 | N28: =M28/C28 -> 0 | O28: =J28+'6-2-22'!O28 -> 0 | P28: =M28/O28 -> #DIV/0!
B30: Install 100 Mil Cover | C30: 125400 | J30: =F30*G30+H30*I30 -> 0 | K30: =E30/(J30) -> #DIV/0! | M30: =E30+'6-2-22'!M30 -> 0 | N30: =M30/C30 -> 0 | O30: =J30+'6-2-22'!O30 -> 49.5 | P30: =M30/O30 -> 0
B32: Patches & Straps | C32: 324 | J32: =F32*G32+H32*I32 -> 0 | K32: =E32/(J32) -> #DIV/0! | M32: =E32+'6-2-22'!M32 -> 0 | N32: =M32/C32 -> 0 | O32: =J32+'6-2-22'!O32 -> 0 | P32: =M32/O32 -> #DIV/0!
B34: 60 Mil Cover & Foam | C34: 115000 | J34: =F34*G34+H34*I34 -> 0 | K34: =E34/(J34) -> #DIV/0! | M34: =E34+'6-2-22'!M34 -> 0 | N34: =M34/C34 -> 0 | O34: =J34+'6-2-22'!O34 -> 0 | P34: =M34/O34 -> #DIV/0!
B36: Sample Ports | C36: 8 | J36: =F36*G36+H36*I36 -> 0 | K36: =E36/(J36) -> #DIV/0! | M36: =E36+'6-2-22'!M36 -> 0 | N36: =M36/C36 -> 0 | O36: =J36+'6-2-22'!O36 -> 24 | P36: =M36/O36 -> 0
B38: Ballast Pipes | C38: =2760+480 -> 3240 | D38: 710 | F38: 3 | G38: 5.5 | J38: =F38*G38+H38*I38 -> 16.5 | K38: =E38/(J38) -> 0 | M38: =E38+'6-2-22'!M38 -> 555 | N38: =M38/C38 -> 0.1712963 | O38: =J38+'6-2-22'!O38 -> 25.5 | P38: =M38/O38 -> 21.764706
B40: Grout | C40: 25 | J40: =F40*G40+H40*I40 -> 0 | K40: =E40/(J40) -> #DIV/0! | M40: =E40+'6-2-22'!M40 -> 0 | N40: =M40/C40 -> 0 | O40: =J40+'6-2-22'!O40 -> 0 | P40: =M40/O40 -> #DIV/0!
B42: Owner/Contractor Delay | J42: =F42*G42+H42*I42 -> 0 | K42: =E42/(J42) -> #DIV/0! | M42: =E42+'6-2-22'!M42 -> 0 | N42: =M42/C42 -> #VALUE! | P42: =M42/O42 -> #DIV/0!
B44: Work Outside Original Scope | J44: =F44*G44+H44*I44 -> 0 | K44: =E44/(J44) -> #DIV/0! | M44: =E44+'6-2-22'!M44 -> 0 | N44: =M44/C44 -> #VALUE! | P44: =M44/O44 -> #DIV/0!
B46: Weather Delay | D46: Pump Water | F46: 6 | G46: 7.5 | H46: 3 | I46: 4 | J46: =F46*G46+H46*I46 -> 57 | K46: =E46/(J46) -> 0 | M46: =E46+'6-2-22'!M46 -> 0 | N46: =M46/C46 -> #DIV/0! | O46: =J46+'6-2-22'!O42 -> 207.75 | P46: =M46/O46 -> 0
B47: Total: | J47: =J20+J22+J24+J26+J28+J30+J32+J34+J36+J38+J40+J42+J44+J46 -> 85.5 | O47: =O20+O22+O24+O26+O28+O30+O32+O34+O36+O38+O40+O42+O44+O46 -> 1416
B49: NOTES: | C49: PUMP WATER / WELDED 6" PIPE / LOADED FOAM IN DUMPSTER - LOADING FOAM IS DONE
B51: TEMP: | C51: L- 61 H -90s
B53: WEATHER: | C53: WINDS THIS MORNING 8 MPH , BREEZY MOSTLY CLOUDY SLIGHT CHANCE SHOWER+ TTHUNDERSTORMS
C54: MAYBE SEVERE THIS AFTERNOON SOUTH WINDS 15 TO 25 MPH CHANCE OF RIAN 50 PERCENT

Sheet 6-2-22
A1: Daily Production Log
B3: Job: | C3: SW Cheese | F3: Total Budgeted Hours: | G3: 4355 | H3: Total Job Days: | I3: 49
B4: Project Number: | C4: 300155 | F4: Total Hours to Date: | G4: =J16+'6-1-22'!G4 -> 1330.5 | H4: No. of days to date: | I4: 18
B5: Date of Report | C5: 44714
A7: Personnel | C7: Name | E7: Hours | F7: Veh. No. | H7: Name | J7: Hours
A8: 1 | B8: Super: | C8: JOHNSTON, B. (Walter) | E8: 10.75 | F8: 66 | G8: 9 | H8: GONZALES, M. (Marcos) | J8: 10.75
A9: 2 | B9: Foreman: | C9: CRUZ, L. (Lucas) | E9: 10.75 | G9: 10
A10: 3 | B10: QC: | C10: *NIETO, M. (Mario) | E10: 10.75 | F10: 78 | G10: 11
A11: 4 | B11: Techs: | C11: HERNANDEZ, B. (Bonofocio) | E11: 10.75 | G11: 12
A12: 5 | C12: ROMERO, J. (Jose) | E12: 10.75 | G12: 13
A13: 6 | C13: *LOPEZ, J. (Jamie) | E13: 10.75 | F13: 74 | G13: 14
A14: 7 | C14: MORGAN, L (Luke) | E14: 10.75 | G14: 15
A15: 8 | C15: NELCA, D. (Dennis) | E15: 10.75 | G15: 16
H16: TOTAL | J16: =SUM(E8:E15)+SUM(J8:J15) -> 96.75
B18: Description | C18: Total Sq Ft | D18: Sq. Ft. per Man Hour | E18: Sq. Ft. per Day | F18: No. Techs | G18: Hours | H18: No. Techs | I18: Hours | J18: Total Hours | K18: Actual Sq. Ft. per Hour | M18: Total Production for Job | N18: % | O18: Total Hours for Job | P18: Production Rate for Total Job
B20: MOB | C20: 1 | D20: 1 | G20: 0 | J20: =F20*G20+H20*I20 -> 0 | K20: =E20/(J20) -> #DIV/0! | M20: 0 | N20: =M20/C20 -> 0 | O20: =J20+'6-1-22'!O20 -> 108 | P20: =M20/O20 -> 0
B22: Remove Insulation Cover (SF) | C22: 125400 | F22: 9 | G22: 3 | J22: =F22*G22+H22*I22 -> 27 | K22: =E22/(J22) -> 0 | M22: =E22+'6-1-22'!M22 -> 125400 | N22: =M22/C22 -> 1 | O22: =J22+'6-1-22'!O22 -> 667.75 | P22: =M22/O22 -> 187.79483
B24: Remove Primary Cover (SF) | C24: 125400 | F24: 9 | G24: 4.75 | J24: =F24*G24+H24*I24 -> 42.75 | K24: =E24/(J24) -> 0 | M24: =E24+'6-1-22'!M24 -> 0 | N24: =M24/C24 -> 0 | O24: =J24+'6-1-22'!O24 -> 294.5 | P24: =M24/O24 -> 0
B26: Remove Existing Battens | C26: 3040 | J26: =F26*G26+H26*I26 -> 0 | K26: =E26/(J26) -> #DIV/0! | M26: =E26+'6-1-22'!M26 -> 0 | N26: =M26/C26 -> 0 | O26: =J26+'6-1-22'!O26 -> 27 | P26: =M26/O26 -> 0
B28: Installation New Batttens | C28: 3040 | J28: =F28*G28+H28*I28 -> 0 | K28: =E28/(J28) -> #DIV/0! | M28: =E28+'6-1-22'!M28 -> 0 | N28: =M28/C28 -> 0 | O28: ='6-1-22'!O28 -> 0 | P28: =M28/O28 -> #DIV/0!
B30: Install 100 Mil Cover | C30: 125400 | J30: =F30*G30+H30*I30 -> 0 | K30: =E30/(J30) -> #DIV/0! | M30: =E30+'6-1-22'!M30 -> 0 | N30: =M30/C30 -> 0 | O30: =J30+'6-1-22'!O30 -> 49.5 | P30: =M30/O30 -> 0
B32: Patches & Straps | C32: 324 | J32: =F32*G32+H32*I32 -> 0 | K32: =E32/(J32) -> #DIV/0! | M32: =E32+'6-1-22'!M32 -> 0 | N32: =M32/C32 -> 0 | O32: =J32+'6-1-22'!O32 -> 0 | P32: =M32/O32 -> #DIV/0!
B34: 60 Mil Cover & Foam | C34: 115000 | J34: =F34*G34+H34*I34 -> 0 | K34: =E34/(J34) -> #DIV/0! | M34: =E34+'6-1-22'!M34 -> 0 | N34: =M34/C34 -> 0 | O34: =J34+'6-1-22'!O34 -> 0 | P34: =M34/O34 -> #DIV/0!
B36: Sample Ports | C36: 8 | J36: =F36*G36+H36*I36 -> 0 | K36: =E36/(J36) -> #DIV/0! | M36: =E36+'6-1-22'!M36 -> 0 | N36: =M36/C36 -> 0 | O36: =J36+'6-1-22'!O36 -> 24 | P36: =M36/O36 -> 0
B38: Ballast Pipes | C38: =2760+480 -> 3240 | J38: =F38*G38+H38*I38 -> 0 | K38: =E38/(J38) -> #DIV/0! | M38: =E38+'6-1-22'!M38 -> 555 | N38: =M38/C38 -> 0.1712963 | O38: =J38+'6-1-22'!O38 -> 9 | P38: =M38/O38 -> 61.666667
B40: Grout | C40: 25 | J40: =F40*G40+H40*I40 -> 0 | K40: =E40/(J40) -> #DIV/0! | M40: =E40+'6-1-22'!M40 -> 0 | N40: =M40/C40 -> 0 | O40: =J40+'6-1-22'!O40 -> 0 | P40: =M40/O40 -> #DIV/0!
B42: Weather Delay | D42: Pump Water | F42: 9 | G42: 3 | J42: =F42*G42+H42*I42 -> 27 | K42: =E42/(J42) -> 0 | M42: =E42+'6-1-22'!M42 -> 0 | N42: =M42/C42 -> #DIV/0! | O42: =J42+'6-1-22'!O42 -> 150.75 | P42: =M42/O42 -> 0
B43: Total: | J43: =J20+J22+J24+J26+J28+J30+J32+J34+J36+J38+J40+J42 -> 96.75 | O43: =O20+O22+O24+O26+O28+O30+O32+O34+O36+O38+O40+O42 -> 1330.5
B45: NOTES: | C45: LOADED FOAM 1+ HALF DUMPSTERS PUMPED SOME WATER FOR 3 HOURS CUT NORTH END PRIMARY PULLED AROUND 40 FEET
C46: DID NOT GO VERY GOOD PUT PIPE ON WEST +EAST SIDE BEFORE CUTING
B47: TEMP: | C47: L-53 H-71
B49: WEATHER: | C49: WINDS THIS MORNING 8 MPH ,BREEZY MOSTLY C
C50: AFTERNOON WINDS SOUTH 15 TO 25 MPH CHANCE OF RIAN 50 PERCENT

Sheet 6-1-22
A1: Daily Production Log
B3: Job: | C3: SW Cheese | F3: Total Budgeted Hours: | G3: 4355 | H3: Total Job Days: | I3: 49
B4: Project Number: | C4: 300155 | F4: Total Hours to Date: | G4: =J16+'5-31-22'!G4 -> 1233.75 | H4: No. of days to date: | I4: 17
B5: Date of Report | C5: 44713
A7: Personnel | C7: Name | E7: Hours | F7: Veh. No. | H7: Name | J7: Hours
A8: 1 | B8: Super: | C8: JOHNSTON, B. (Walter) | E8: 9 | F8: 66 | G8: 9 | H8: GONZALES, M. (Marcos) | I8: OFF
A9: 2 | B9: Foreman: | C9: CRUZ, L. (Lucas) | E9: 9 | G9: 10
A10: 3 | B10: QC: | C10: *NIETO, M. (Mario) | E10: 9 | F10: 78 | G10: 11
A11: 4 | B11: Techs: | C11: HERNANDEZ, B. (Bonofocio) | E11: 9 | G11: 12
A12: 5 | C12: ROMERO, J. (Jose) | E12: 9 | G12: 13
A13: 6 | C13: *LOPEZ, J. (Jamie) | E13: 9 | F13: 74 | G13: 14
A14: 7 | C14: MORGAN, L (Luke) | E14: 9 | G14: 15
A15: 8 | C15: NELCA, D. (Dennis) | E15: 9 | G15: 16
H16: TOTAL | J16: =SUM(E8:E15)+SUM(J8:J15) -> 72
B18: Description | C18: Total Sq Ft | D18: Sq. Ft. per Man Hour | E18: Sq. Ft. per Day | F18: No. Techs | G18: Hours | H18: No. Techs | I18: Hours | J18: Total Hours | K18: Actual Sq. Ft. per Hour | M18: Total Production for Job | N18: % | O18: Total Hours for Job | P18: Production Rate for Total Job
B20: MOB | C20: 1 | D20: 1 | G20: 0 | J20: =F20*G20+H20*I20 -> 0 | K20: =E20/(J20) -> #DIV/0! | M20: 0 | N20: =M20/C20 -> 0 | O20: =J20+'5-31-22'!O20 -> 108 | P20: =M20/O20 -> 0
B22: Remove Insulation Cover (SF) | C22: 125400 | F22: 8 | G22: 6 | J22: =F22*G22+H22*I22 -> 48 | K22: =E22/(J22) -> 0 | M22: =E22+'5-31-22'!M22 -> 125400 | N22: =M22/C22 -> 1 | O22: =J22+'5-31-22'!O22 -> 640.75 | P22: =M22/O22 -> 195.70815
B24: Remove Primary Cover (SF) | C24: 125400 | J24: =F24*G24+H24*I24 -> 0 | K24: =E24/(J24) -> #DIV/0! | M24: =E24+'5-31-22'!M24 -> 0 | N24: =M24/C24 -> 0 | O24: =J24+'5-31-22'!O24 -> 251.75 | P24: =M24/O24 -> 0
B26: Remove Existing Battens | C26: 3040 | J26: =F26*G26+H26*I26 -> 0 | K26: =E26/(J26) -> #DIV/0! | M26: =E26+'5-31-22'!M26 -> 0 | N26: =M26/C26 -> 0 | O26: =J26+'5-31-22'!O26 -> 27 | P26: =M26/O26 -> 0
B28: Installation New Batttens | C28: 3040 | J28: =F28*G28+H28*I28 -> 0 | K28: =E28/(J28) -> #DIV/0! | M28: =E28+'5-31-22'!M28 -> 0 | N28: =M28/C28 -> 0 | O28: =J28+'5-31-22'!O28 -> 0 | P28: =M28/O28 -> #DIV/0!
B30: Install 100 Mil Cover | C30: 125400 | J30: =F30*G30+H30*I30 -> 0 | K30: =E30/(J30) -> #DIV/0! | M30: =E30+'5-31-22'!M30 -> 0 | N30: =M30/C30 -> 0 | O30: =J30+'5-31-22'!O30 -> 49.5 | P30: =M30/O30 -> 0
B32: Patches & Straps | C32: 324 | J32: =F32*G32+H32*I32 -> 0 | K32: =E32/(J32) -> #DIV/0! | M32: =E32+'5-31-22'!M32 -> 0 | N32: =M32/C32 -> 0 | O32: =J32+'5-31-22'!O32 -> 0 | P32: =M32/O32 -> #DIV/0!
B34: 60 Mil Cover & Foam | C34: 115000 | J34: =F34*G34+H34*I34 -> 0 | K34: =E34/(J34) -> #DIV/0! | M34: =E34+'5-31-22'!M34 -> 0 | N34: =M34/C34 -> 0 | O34: =J34+'5-31-22'!O34 -> 0 | P34: =M34/O34 -> #DIV/0!
B36: Sample Ports | C36: 8 | F36: 8 | G36: 3 | J36: =F36*G36+H36*I36 -> 24 | K36: =E36/(J36) -> 0 | M36: =E36+'5-31-22'!M36 -> 0 | N36: =M36/C36 -> 0 | O36: =J36+'5-31-22'!O36 -> 24 | P36: =M36/O36 -> 0
B38: Ballast Pipes | C38: =2760+480 -> 3240 | J38: =F38*G38+H38*I38 -> 0 | K38: =E38/(J38) -> #DIV/0! | M38: =E38+'5-31-22'!M38 -> 555 | N38: =M38/C38 -> 0.1712963 | O38: =J38+'5-31-22'!O38 -> 9 | P38: =M38/O38 -> 61.666667
B40: Grout | C40: 25 | J40: =F40*G40+H40*I40 -> 0 | K40: =E40/(J40) -> #DIV/0! | M40: =E40+'5-31-22'!M40 -> 0 | N40: =M40/C40 -> 0 | O40: =J40+'5-31-22'!O40 -> 0 | P40: =M40/O40 -> #DIV/0!
B42: Weather Delay | J42: =F42*G42+H42*I42 -> 0 | K42: =E42/(J42) -> #DIV/0! | M42: =E42+'5-31-22'!M42 -> 0 | N42: =M42/C42 -> #DIV/0! | O42: =J42+'5-31-22'!O42 -> 123.75 | P42: =M42/O42 -> 0
B43: Total: | J43: =J20+J22+J24+J26+J28+J30+J32+J34+J36+J38+J40+J42 -> 72 | O43: =O20+O22+O24+O26+O28+O30+O32+O34+O36+O38+O40+O42 -> 1233.75
B45: NOTES: | C45: LOADED 3 DUMPSTER - WINDS GOT BAD - MAYBE HALF A DUMPSTER LEFT TO FILL WITH FOAM - BUILT 8 SAMPLE PORT
B47: TEMP: | C47: L -63 H- 59
B49: WEATHER: | C49: BREEZY + MUSH COOLER MOSTLY COUDLY A SLIGHT CHANCE OF SPRINKLES THIS MORNING
C50: NORTHWEST WINDS 15 TO 25 GUSTS 35 MPH CHANCE OF RIAN 20 PERCENT

Sheet 5-31-22
A1: Daily Production Log
B3: Job: | C3: SW Cheese | F3: Total Budgeted Hours: | G3: 4355 | H3: Total Job Days: | I3: 49
B4: Project Number: | C4: 300155 | F4: Total Hours to Date: | G4: =J16+'5-30-22'!G4 -> 1161.75 | H4: No. of days to date: | I4: 16
B5: Date of Report | C5: 44712
A7: Personnel | C7: Name | E7: Hours | F7: Veh. No. | H7: Name | J7: Hours
A8: 1 | B8: Super: | C8: JOHNSTON, B. (Walter) | E8: 10 | F8: 66 | G8: 9 | H8: GONZALES, M. (Marcos) | J8: 10
A9: 2 | B9: Foreman: | C9: CRUZ, L. (Lucas) | E9: 10 | G9: 10
A10: 3 | B10: QC: | C10: *NIETO, M. (Mario) | E10: 10 | F10: 78 | G10: 11
A11: 4 | B11: Techs: | C11: HERNANDEZ, B. (Bonofocio) | E11: 10 | G11: 12
A12: 5 | C12: ROMERO, J. (Jose) | E12: 10 | G12: 13
A13: 6 | C13: *LOPEZ, J. (Jamie) | E13: 10 | F13: 74 | G13: 14
A14: 7 | C14: MORGAN, L (Luke) | E14: 10 | G14: 15
A15: 8 | C15: NELCA, D. (Dennis) | E15: 10 | G15: 16
H16: TOTAL | J16: =SUM(E8:E15)+SUM(J8:J15) -> 90
B18: Description | C18: Total Sq Ft | D18: Sq. Ft. per Man Hour | E18: Sq. Ft. per Day | F18: No. Techs | G18: Hours | H18: No. Techs | I18: Hours | J18: Total Hours | K18: Actual Sq. Ft. per Hour | M18: Total Production for Job | N18: % | O18: Total Hours for Job | P18: Production Rate for Total Job
B20: MOB | C20: 1 | D20: 1 | G20: 0 | J20: =F20*G20+H20*I20 -> 0 | K20: =E20/(J20) -> #DIV/0! | M20: 0 | N20: =M20/C20 -> 0 | O20: =J20+'5-30-22'!O20 -> 108 | P20: =M20/O20 -> 0
B22: Remove Insulation Cover (SF) | C22: 125400 | J22: =F22*G22+H22*I22 -> 0 | K22: =E22/(J22) -> #DIV/0! | M22: =E22+'5-30-22'!M22 -> 125400 | N22: =M22/C22 -> 1 | O22: =J22+'5-30-22'!O22 -> 592.75 | P22: =M22/O22 -> 211.55631
B24: Remove Primary Cover (SF) | C24: 125400 | F24: 3 | G24: 4.5 | J24: =F24*G24+H24*I24 -> 13.5 | K24: =E24/(J24) -> 0 | M24: =E24+'5-30-22'!M24 -> 0 | N24: =M24/C24 -> 0 | O24: =J24+'5-30-22'!O24 -> 251.75 | P24: =M24/O24 -> 0
B26: Remove Existing Battens | C26: 3040 | F26: 6 | G26: 4.5 | J26: =F26*G26+H26*I26 -> 27 | K26: =E26/(J26) -> 0 | M26: =E26+'5-30-22'!M26 -> 0 | N26: =M26/C26 -> 0 | O26: =J26+'5-30-22'!O26 -> 27 | P26: =M26/O26 -> 0
B28: Installation New Batttens | C28: 3040 | J28: =F28*G28+H28*I28 -> 0 | K28: =E28/(J28) -> #DIV/0! | M28: =E28+'5-30-22'!M28 -> 0 | N28: =M28/C28 -> 0 | O28: =J28+'5-30-22'!O28 -> 0 | P28: =M28/O28 -> #DIV/0!
B30: Install 100 Mil Cover | C30: 125400 | F30: 9 | G30: 5.5 | J30: =F30*G30+H30*I30 -> 49.5 | K30: =E30/(J30) -> 0 | M30: =E30+'5-30-22'!M30 -> 0 | N30: =M30/C30 -> 0 | O30: =J30+'5-30-22'!O30 -> 49.5 | P30: =M30/O30 -> 0
B32: Patches & Straps | C32: 324 | J32: =F32*G32+H32*I32 -> 0 | K32: =E32/(J32) -> #DIV/0! | M32: =E32+'5-30-22'!M32 -> 0 | N32: =M32/C32 -> 0 | O32: =J32+'5-30-22'!O32 -> 0 | P32: =M32/O32 -> #DIV/0!
B34: 60 Mil Cover & Foam | C34: 115000 | J34: =F34*G34+H34*I34 -> 0 | K34: =E34/(J34) -> #DIV/0! | M34: =E34+'5-30-22'!M34 -> 0 | N34: =M34/C34 -> 0 | O34: =J34+'5-30-22'!O34 -> 0 | P34: =M34/O34 -> #DIV/0!
B36: Sample Ports | C36: 8 | J36: =F36*G36+H36*I36 -> 0 | K36: =E36/(J36) -> #DIV/0! | M36: =E36+'5-30-22'!M36 -> 0 | N36: =M36/C36 -> 0 | O36: =J36+'5-30-22'!O36 -> 0 | P36: =M36/O36 -> #DIV/0!
B38: Ballast Pipes | C38: =2760+480 -> 3240 | J38: =F38*G38+H38*I38 -> 0 | K38: =E38/(J38) -> #DIV/0! | M38: =E38+'5-30-22'!M38 -> 555 | N38: =M38/C38 -> 0.1712963 | O38: =J38+'5-30-22'!O38 -> 9 | P38: =M38/O38 -> 61.666667
B40: Grout | C40: 25 | J40: =F40*G40+H40*I40 -> 0 | K40: =E40/(J40) -> #DIV/0! | M40: =E40+'5-30-22'!M40 -> 0 | N40: =M40/C40 -> 0 | O40: =J40+'5-30-22'!O40 -> 0 | P40: =M40/O40 -> #DIV/0!
B42: Weather Delay | J42: =F42*G42+H42*I42 -> 0 | K42: =E42/(J42) -> #DIV/0! | M42: =E42+'5-30-22'!M42 -> 0 | N42: =M42/C42 -> #DIV/0! | O42: =J42+'5-30-22'!O42 -> 123.75 | P42: =M42/O42 -> 0
B43: Total: | J43: =J20+J22+J24+J26+J28+J30+J32+J34+J36+J38+J40+J42 -> 90 | O43: =O20+O22+O24+O26+O28+O30+O32+O34+O36+O38+O40+O42 -> 1161.75
B45: NOTES: | C45: SET UP PULLEYS + ROPES PUT PIPE ON COVER 3 MEN 6:00 10:30 , 6 MEN REMOVED NUTS +WASHERS FROM OLD BATTENS 6:00 10:30
C46: SANDBAGS 10:30 TO 4:30
B47: TEMP: | C47: L -57 H-90s
B49: WEATHER: | C49: SUNNY HIGHS IN 90s WEST WINDS AROUND 15 BECOMING SOUTH THIS AFTERNOON

Sheet 5-30-22
A1: Daily Production Log
B3: Job: | C3: SW Cheese | F3: Total Budgeted Hours: | G3: 4355 | H3: Total Job Days: | I3: 49
B4: Project Number: | C4: 300155 | F4: Total Hours to Date: | G4: =J16+'5-29-22'!G4 -> 1071.75 | H4: No. of days to date: | I4: 15
B5: Date of Report | C5: 44711
A7: Personnel | C7: Name | E7: Hours | F7: Veh. No. | H7: Name | J7: Hours
A8: 1 | B8: Super: | C8: JOHNSTON, B. (Walter) | E8: 6 | F8: 66 | G8: 9 | H8: GONZALES, M. (Marcos) | J8: 6
A9: 2 | B9: Foreman: | C9: CRUZ, L. (Lucas) | E9: 6 | G9: 10
A10: 3 | B10: QC: | C10: *NIETO, M. (Mario) | E10: 6 | F10: 78 | G10: 11
A11: 4 | B11: Techs: | C11: HERNANDEZ, B. (Bonofocio) | E11: 6 | G11: 12
A12: 5 | C12: ROMERO, J. (Jose) | E12: 6 | G12: 13
A13: 6 | C13: *LOPEZ, J. (Jamie) | E13: 6 | F13: 74 | G13: 14
A14: 7 | C14: MORGAN, L (Luke) | E14: 6 | G14: 15
A15: 8 | C15: NELCA, D. (Dennis) | E15: 6 | G15: 16
H16: TOTAL | J16: =SUM(E8:E15)+SUM(J8:J15) -> 54
B18: Description | C18: Total Sq Ft | D18: Sq. Ft. per Man Hour | E18: Sq. Ft. per Day | F18: No. Techs | G18: Hours | H18: No. Techs | I18: Hours | J18: Total Hours | K18: Actual Sq. Ft. per Hour | M18: Total Production for Job | N18: % | O18: Total Hours for Job | P18: Production Rate for Total Job
B20: MOB | C20: 1 | D20: 1 | G20: 0 | J20: =F20*G20+H20*I20 -> 0 | K20: =E20/(J20) -> #DIV/0! | M20: 0 | N20: =M20/C20 -> 0 | O20: =J20+'5-29-22'!O20 -> 108 | P20: =M20/O20 -> 0
B22: Remove Insulation Cover (SF) | C22: 125400 | F22: 9 | G22: 6 | J22: =F22*G22+H22*I22 -> 54 | K22: =E22/(J22) -> 0 | M22: =E22+'5-29-22'!M22 -> 125400 | N22: =M22/C22 -> 1 | O22: =J22+'5-29-22'!O22 -> 592.75 | P22: =M22/O22 -> 211.55631
B24: Remove Primary Cover (SF) | C24: 125400 | J24: =F24*G24+H24*I24 -> 0 | K24: =E24/(J24) -> #DIV/0! | M24: =E24+'5-29-22'!M24 -> 0 | N24: =M24/C24 -> 0 | O24: =J24+'5-29-22'!O24 -> 238.25 | P24: =M24/O24 -> 0
B26: Remove Existing Battens | C26: 3040 | J26: =F26*G26+H26*I26 -> 0 | K26: =E26/(J26) -> #DIV/0! | M26: =E26+'5-29-22'!M26 -> 0 | N26: =M26/C26 -> 0 | O26: =J26+'5-29-22'!O26 -> 0 | P26: =M26/O26 -> #DIV/0!
B28: Installation New Batttens | C28: 3040 | J28: =F28*G28+H28*I28 -> 0 | K28: =E28/(J28) -> #DIV/0! | M28: =E28+'5-29-22'!M28 -> 0 | N28: =M28/C28 -> 0 | O28: =J28+'5-29-22'!O28 -> 0 | P28: =M28/O28 -> #DIV/0!
B30: Install 100 Mil Cover | C30: 125400 | J30: =F30*G30+H30*I30 -> 0 | K30: =E30/(J30) -> #DIV/0! | M30: =E30+'5-29-22'!M30 -> 0 | N30: =M30/C30 -> 0 | O30: =J30+'5-29-22'!O30 -> 0 | P30: =M30/O30 -> #DIV/0!
B32: Patches & Straps | C32: 324 | J32: =F32*G32+H32*I32 -> 0 | K32: =E32/(J32) -> #DIV/0! | M32: =E32+'5-29-22'!M32 -> 0 | N32: =M32/C32 -> 0 | O32: =J32+'5-29-22'!O32 -> 0 | P32: =M32/O32 -> #DIV/0!
B34: 60 Mil Cover & Foam | C34: 115000 | J34: =F34*G34+H34*I34 -> 0 | K34: =E34/(J34) -> #DIV/0! | M34: =E34+'5-29-22'!M34 -> 0 | N34: =M34/C34 -> 0 | O34: =J34+'5-29-22'!O34 -> 0 | P34: =M34/O34 -> #DIV/0!
B36: Sample Ports | C36: 8 | J36: =F36*G36+H36*I36 -> 0 | K36: =E36/(J36) -> #DIV/0! | M36: =E36+'5-29-22'!M36 -> 0 | N36: =M36/C36 -> 0 | O36: =J36+'5-29-22'!O36 -> 0 | P36: =M36/O36 -> #DIV/0!
B38: Ballast Pipes | C38: =2760+480 -> 3240 | J38: =F38*G38+H38*I38 -> 0 | K38: =E38/(J38) -> #DIV/0! | M38: =E38+'5-29-22'!M38 -> 555 | N38: =M38/C38 -> 0.1712963 | O38: =J38+'5-29-22'!O38 -> 9 | P38: =M38/O38 -> 61.666667
B40: Grout | C40: 25 | J40: =F40*G40+H40*I40 -> 0 | K40: =E40/(J40) -> #DIV/0! | M40: =E40+'5-29-22'!M40 -> 0 | N40: =M40/C40 -> 0 | O40: =J40+'5-29-22'!O40 -> 0 | P40: =M40/O40 -> #DIV/0!
B42: Weather Delay | J42: =F42*G42+H42*I42 -> 0 | K42: =E42/(J42) -> #DIV/0! | M42: =E42+'5-29-22'!M42 -> 0 | N42: =M42/C42 -> #DIV/0! | O42: =J42+'5-29-22'!O42 -> 123.75 | P42: =M42/O42 -> 0
B43: Total: | J43: =J20+J22+J24+J26+J28+J30+J32+J34+J36+J38+J40+J42 -> 54 | O43: =O20+O22+O24+O26+O28+O30+O32+O34+O36+O38+O40+O42 -> 1071.75
B45: NOTES: | C45: LOADED 4 DUMPSTERS
B47: TEMP: | C47: L-63 H-86
B49: WEATHER: | C49: BREEZY SUNNY HIGH IN 80s WINDS IN THE MORNING 5 MPH SOUTHWEST WINDS 15 TO 25

Sheet 5-29-22
A1: Daily Production Log
B3: Job: | C3: SW Cheese | F3: Total Budgeted Hours: | G3: 4355 | H3: Total Job Days: | I3: 49
B4: Project Number: | C4: 300155 | F4: Total Hours to Date: | G4: =J16+'5-28-22'!G4 -> 1017.75 | H4: No. of days to date: | I4: 14
B5: Date of Report | C5: 44710
A7: Personnel | C7: Name | E7: Hours | F7: Veh. No. | H7: Name | J7: Hours
A8: 1 | B8: Super: | C8: JOHNSTON, B. (Walter) | E8: 8 | F8: 66 | G8: 9 | H8: GONZALES, M. (Marcos) | J8: 8
A9: 2 | B9: Foreman: | C9: CRUZ, L. (Lucas) | E9: 8 | G9: 10
A10: 3 | B10: QC: | C10: *NIETO, M. (Mario) | E10: 8 | F10: 78 | G10: 11
A11: 4 | B11: Techs: | C11: HERNANDEZ, B. (Bonofocio) | E11: 8 | G11: 12
A12: 5 | C12: ROMERO, J. (Jose) | E12: 8 | G12: 13
A13: 6 | C13: *LOPEZ, J. (Jamie) | E13: 8 | F13: 74 | G13: 14
A14: 7 | C14: MORGAN, L (Luke) | E14: 8 | G14: 15
A15: 8 | C15: NELCA, D. (Dennis) | E15: 8 | G15: 16
H16: TOTAL | J16: =SUM(E8:E15)+SUM(J8:J15) -> 72
B18: Description | C18: Total Sq Ft | D18: Sq. Ft. per Man Hour | E18: Sq. Ft. per Day | F18: No. Techs | G18: Hours | H18: No. Techs | I18: Hours | J18: Total Hours | K18: Actual Sq. Ft. per Hour | M18: Total Production for Job | N18: % | O18: Total Hours for Job | P18: Production Rate for Total Job
B20: MOB | C20: 1 | D20: 1 | G20: 0 | J20: =F20*G20+H20*I20 -> 0 | K20: =E20/(J20) -> #DIV/0! | M20: 0 | N20: =M20/C20 -> 0 | O20: =J20+'5-28-22'!O20 -> 108 | P20: =M20/O20 -> 0
B22: Remove Insulation Cover (SF) | C22: 125400 | J22: =F22*G22+H22*I22 -> 0 | K22: =E22/(J22) -> #DIV/0! | M22: =E22+'5-28-22'!M22 -> 125400 | N22: =M22/C22 -> 1 | O22: =J22+'5-28-22'!O22 -> 538.75 | P22: =M22/O22 -> 232.76102
B24: Remove Primary Cover (SF) | C24: 125400 | F24: 9 | G24: 5 | H24: 6 | I24: 3 | J24: =F24*G24+H24*I24 -> 63 | K24: =E24/(J24) -> 0 | M24: =E24+'5-28-22'!M24 -> 0 | N24: =M24/C24 -> 0 | O24: =J24+'5-28-22'!O24 -> 238.25 | P24: =M24/O24 -> 0
B26: Remove Existing Battens | C26: 3040 | J26: =F26*G26+H26*I26 -> 0 | K26: =E26/(J26) -> #DIV/0! | M26: =E26+'5-28-22'!M26 -> 0 | N26: =M26/C26 -> 0 | O26: =J26+'5-28-22'!O26 -> 0 | P26: =M26/O26 -> #DIV/0!
B28: Installation New Batttens | C28: 3040 | J28: =F28*G28+H28*I28 -> 0 | K28: =E28/(J28) -> #DIV/0! | M28: =E28+'5-28-22'!M28 -> 0 | N28: =M28/C28 -> 0 | O28: =J28+'5-28-22'!O28 -> 0 | P28: =M28/O28 -> #DIV/0!
B30: Install 100 Mil Cover | C30: 125400 | J30: =F30*G30+H30*I30 -> 0 | K30: =E30/(J30) -> #DIV/0! | M30: =E30+'5-28-22'!M30 -> 0 | N30: =M30/C30 -> 0 | O30: =J30+'5-28-22'!O30 -> 0 | P30: =M30/O30 -> #DIV/0!
B32: Patches & Straps | C32: 324 | J32: =F32*G32+H32*I32 -> 0 | K32: =E32/(J32) -> #DIV/0! | M32: =E32+'5-28-22'!M32 -> 0 | N32: =M32/C32 -> 0 | O32: =J32+'5-28-22'!O32 -> 0 | P32: =M32/O32 -> #DIV/0!
B34: 60 Mil Cover & Foam | C34: 115000 | J34: =F34*G34+H34*I34 -> 0 | K34: =E34/(J34) -> #DIV/0! | M34: =E34+'5-28-22'!M34 -> 0 | N34: =M34/C34 -> 0 | O34: =J34+'5-28-22'!O34 -> 0 | P34: =M34/O34 -> #DIV/0!
B36: Sample Ports | C36: 8 | J36: =F36*G36+H36*I36 -> 0 | K36: =E36/(J36) -> #DIV/0! | M36: =E36+'5-28-22'!M36 -> 0 | N36: =M36/C36 -> 0 | O36: =J36+'5-28-22'!O36 -> 0 | P36: =M36/O36 -> #DIV/0!
B38: Ballast Pipes | C38: =2760+480 -> 3240 | E38: 555 | F38: 3 | G38: 3 | J38: =F38*G38+H38*I38 -> 9 | K38: =E38/(J38) -> 61.666667 | M38: =E38+'5-28-22'!M38 -> 555 | N38: =M38/C38 -> 0.1712963 | O38: =J38+'5-28-22'!O38 -> 9 | P38: =M38/O38 -> 61.666667
B40: Grout | C40: 25 | J40: =F40*G40+H40*I40 -> 0 | K40: =E40/(J40) -> #DIV/0! | M40: =E40+'5-28-22'!M40 -> 0 | N40: =M40/C40 -> 0 | O40: =J40+'5-28-22'!O40 -> 0 | P40: =M40/O40 -> #DIV/0!
B42: Weather Delay | J42: =F42*G42+H42*I42 -> 0 | K42: =E42/(J42) -> #DIV/0! | M42: =E42+'5-28-22'!M42 -> 0 | N42: =M42/C42 -> #DIV/0! | O42: =J42+'5-28-22'!O42 -> 123.75 | P42: =M42/O42 -> 0
B43: Total: | J43: =J20+J22+J24+J26+J28+J30+J32+J34+J36+J38+J40+J42 -> 72 | O43: =O20+O22+O24+O26+O28+O30+O32+O34+O36+O38+O40+O42 -> 1017.75
B45: NOTES: | C45: REMOVED SAND TUBES FROM PRIMARY COVER WELDED 6" PIPE
B47: TEMP: | C47: L -62 H-95
B49: WEATHER: | C49: WINDS THIS MORNING 8 MPH WINDY + HOT MOSTLY SUNNY AREAS OF BLOWING DUST THIS AFTERNOON HIGH 90s SOUTHWEST WINDS
C50: 20 TO 25 GUSTS 35 INCREASING 25 TO 35 WITH GUSTS UP TO 50 MPH THIS AFTERNOON

Sheet 5-28-22
A1: Daily Production Log
B3: Job: | C3: SW Cheese | F3: Total Budgeted Hours: | G3: 4355 | H3: Total Job Days: | I3: 49
B4: Project Number: | C4: 300155 | F4: Total Hours to Date: | G4: =J16+'5-27-22'!G4 -> 945.75 | H4: No. of days to date: | I4: 13
B5: Date of Report | C5: 44709
A7: Personnel | C7: Name | E7: Hours | F7: Veh. No. | H7: Name | J7: Hours
A8: 1 | B8: Super: | C8: JOHNSTON, B. (Walter) | E8: 8.5 | F8: 66 | G8: 9 | H8: GONZALES, M. (Marcos) | J8: 8.5
A9: 2 | B9: Foreman: | C9: CRUZ, L. (Lucas) | E9: 8.5 | G9: 10
A10: 3 | B10: QC: | C10: *NIETO, M. (Mario) | E10: 8.5 | F10: 78 | G10: 11
A11: 4 | B11: Techs: | C11: HERNANDEZ, B. (Bonofocio) | E11: 8.5 | G11: 12
A12: 5 | C12: ROMERO, J. (Jose) | E12: 8.5 | G12: 13
A13: 6 | C13: *LOPEZ, J. (Jamie) | E13: 8.5 | F13: 74 | G13: 14
A14: 7 | C14: MORGAN, L (Luke) | E14: 8.5 | G14: 15
A15: 8 | C15: NELCA, D. (Dennis) | E15: 8.5 | G15: 16
H16: TOTAL | J16: =SUM(E8:E15)+SUM(J8:J15) -> 76.5
B18: Description | C18: Total Sq Ft | D18: Sq. Ft. per Man Hour | E18: Sq. Ft. per Day | F18: No. Techs | G18: Hours | H18: No. Techs | I18: Hours | J18: Total Hours | K18: Actual Sq. Ft. per Hour | M18: Total Production for Job | N18: % | O18: Total Hours for Job | P18: Production Rate for Total Job
B20: MOB | C20: 1 | D20: 1 | G20: 0 | J20: =F20*G20+H20*I20 -> 0 | K20: =E20/(J20) -> #DIV/0! | M20: 0 | N20: =M20/C20 -> 0 | O20: =J20+'5-27-22'!O20 -> 108 | P20: =M20/O20 -> 0
B22: Remove Insulation Cover (SF) | C22: 125400 | J22: =F22*G22+H22*I22 -> 0 | K22: =E22/(J22) -> #DIV/0! | M22: =E22+'5-27-22'!M22 -> 125400 | N22: =M22/C22 -> 1 | O22: =J22+'5-27-22'!O22 -> 538.75 | P22: =M22/O22 -> 232.76102
B24: Remove Primary Cover (SF) | C24: 125400 | F24: 9 | G24: 8.5 | J24: =F24*G24+H24*I24 -> 76.5 | K24: =E24/(J24) -> 0 | M24: =E24+'5-27-22'!M24 -> 0 | N24: =M24/C24 -> 0 | O24: =J24+'5-27-22'!O24 -> 175.25 | P24: =M24/O24 -> 0
B26: Remove Existing Battens | C26: 3040 | J26: =F26*G26+H26*I26 -> 0 | K26: =E26/(J26) -> #DIV/0! | M26: =E26+'5-27-22'!M26 -> 0 | N26: =M26/C26 -> 0 | O26: =J26+'5-27-22'!O26 -> 0 | P26: =M26/O26 -> #DIV/0!
B28: Installation New Batttens | C28: 3040 | J28: =F28*G28+H28*I28 -> 0 | K28: =E28/(J28) -> #DIV/0! | M28: =E28+'5-27-22'!M28 -> 0 | N28: =M28/C28 -> 0 | O28: =J28+'5-27-22'!O28 -> 0 | P28: =M28/O28 -> #DIV/0!
B30: Install 100 Mil Cover | C30: 125400 | J30: =F30*G30+H30*I30 -> 0 | K30: =E30/(J30) -> #DIV/0! | M30: =E30+'5-27-22'!M30 -> 0 | N30: =M30/C30 -> 0 | O30: =J30+'5-27-22'!O30 -> 0 | P30: =M30/O30 -> #DIV/0!
B32: Patches & Straps | C32: 324 | J32: =F32*G32+H32*I32 -> 0 | K32: =E32/(J32) -> #DIV/0! | M32: =E32+'5-27-22'!M32 -> 0 | N32: =M32/C32 -> 0 | O32: =J32+'5-27-22'!O32 -> 0 | P32: =M32/O32 -> #DIV/0!
B34: 60 Mil Cover & Foam | C34: 115000 | J34: =F34*G34+H34*I34 -> 0 | K34: =E34/(J34) -> #DIV/0! | M34: =E34+'5-27-22'!M34 -> 0 | N34: =M34/C34 -> 0 | O34: =J34+'5-27-22'!O34 -> 0 | P34: =M34/O34 -> #DIV/0!
B36: Sample Ports | C36: 8 | J36: =F36*G36+H36*I36 -> 0 | K36: =E36/(J36) -> #DIV/0! | M36: =E36+'5-27-22'!M36 -> 0 | N36: =M36/C36 -> 0 | O36: =J36+'5-27-22'!O36 -> 0 | P36: =M36/O36 -> #DIV/0!
B38: Ballast Pipes | C38: =2760+480 -> 3240 | J38: =F38*G38+H38*I38 -> 0 | K38: =E38/(J38) -> #DIV/0! | M38: =E38+'5-27-22'!M38 -> 0 | N38: =M38/C38 -> 0 | O38: =J38+'5-27-22'!O38 -> 0 | P38: =M38/O38 -> #DIV/0!
B40: Grout | C40: 25 | J40: =F40*G40+H40*I40 -> 0 | K40: =E40/(J40) -> #DIV/0! | M40: =E40+'5-27-22'!M40 -> 0 | N40: =M40/C40 -> 0 | O40: =J40+'5-27-22'!O40 -> 0 | P40: =M40/O40 -> #DIV/0!
B42: Weather Delay | J42: =F42*G42+H42*I42 -> 0 | K42: =E42/(J42) -> #DIV/0! | M42: =E42+'5-27-22'!M42 -> 0 | N42: =M42/C42 -> #DIV/0! | O42: =J42+'5-27-22'!O42 -> 123.75 | P42: =M42/O42 -> 0
B43: Total: | J43: =J20+J22+J24+J26+J28+J30+J32+J34+J36+J38+J40+J42 -> 76.5 | O43: =O20+O22+O24+O26+O28+O30+O32+O34+O36+O38+O40+O42 -> 945.75
B45: NOTES: | C45: REMOVED SAND TUBES FROM PRIMARY COVER DUST STORM BLOWED IN 3:00
B47: TEMP: | C47: L -65 H -95
B49: WEATHER: | C49: WINDY + HOT MOSTLY SUNNY AREAS OF BLOWING DUST THIS AFTERNOON SOUTHWEST WINDS 20 TO 30 GUSTS TO 45 MPH

Sheet 5-27-22
A1: Daily Production Log
B3: Job: | C3: SW Cheese | F3: Total Budgeted Hours: | G3: 4355 | H3: Total Job Days: | I3: 49
B4: Project Number: | C4: 300155 | F4: Total Hours to Date: | G4: =J16+'5-26-22'!G4 -> 869.25 | H4: No. of days to date: | I4: 12
B5: Date of Report | C5: 44708
A7: Personnel | C7: Name | E7: Hours | F7: Veh. No. | H7: Name | J7: Hours
A8: 1 | B8: Super: | C8: JOHNSTON, B. (Walter) | E8: 10.25 | F8: 66 | G8: 9 | H8: GONZALES, M. (Marcos) | J8: 10.25
A9: 2 | B9: Foreman: | C9: CRUZ, L. (Lucas) | E9: 10.25 | G9: 10
A10: 3 | B10: QC: | C10: *NIETO, M. (Mario) | E10: 10.25 | F10: 78 | G10: 11
A11: 4 | B11: Techs: | C11: HERNANDEZ, B. (Bonofocio) | E11: 10.25 | G11: 12
A12: 5 | C12: ROMERO, J. (Jose) | E12: 10.25 | G12: 13
A13: 6 | C13: *LOPEZ, J. (Jamie) | E13: 10.25 | F13: 74 | G13: 14
A14: 7 | C14: MORGAN, L (Luke) | E14: 10.25 | G14: 15
A15: 8 | C15: NELCA, D. (Dennis) | E15: 10.25 | G15: 16
H16: TOTAL | J16: =SUM(E8:E15)+SUM(J8:J15) -> 92.25
B18: Description | C18: Total Sq Ft | D18: Sq. Ft. per Man Hour | E18: Sq. Ft. per Day | F18: No. Techs | G18: Hours | H18: No. Techs | I18: Hours | J18: Total Hours | K18: Actual Sq. Ft. per Hour | M18: Total Production for Job | N18: % | O18: Total Hours for Job | P18: Production Rate for Total Job
B20: MOB | C20: 1 | D20: 1 | G20: 0 | J20: =F20*G20+H20*I20 -> 0 | K20: =E20/(J20) -> #DIV/0! | M20: 0 | N20: =M20/C20 -> 0 | O20: =J20+'5-26-22'!O20 -> 108 | P20: =M20/O20 -> 0
B22: Remove Insulation Cover (SF) | C22: 125400 | H22: 9 | I22: 1.5 | J22: =F22*G22+H22*I22 -> 13.5 | K22: =E22/(J22) -> 0 | M22: =E22+'5-26-22'!M22 -> 125400 | N22: =M22/C22 -> 1 | O22: =J22+'5-26-22'!O22 -> 538.75 | P22: =M22/O22 -> 232.76102 | Q22: Est Hr | R22: 844
B24: Remove Primary Cover (SF) | C24: 125400 | F24: 9 | G24: 8.75 | J24: =F24*G24+H24*I24 -> 78.75 | K24: =E24/(J24) -> 0 | M24: =E24+'5-26-22'!M24 -> 0 | N24: =M24/C24 -> 0 | O24: =J24+'5-26-22'!O24 -> 98.75 | P24: =M24/O24 -> 0
B26: Remove Existing Battens | C26: 3040 | J26: =F26*G26+H26*I26 -> 0 | K26: =E26/(J26) -> #DIV/0! | M26: =E26+'5-26-22'!M26 -> 0 | N26: =M26/C26 -> 0 | O26: =J26+'5-26-22'!O26 -> 0 | P26: =M26/O26 -> #DIV/0!
B28: Installation New Batttens | C28: 3040 | J28: =F28*G28+H28*I28 -> 0 | K28: =E28/(J28) -> #DIV/0! | M28: =E28+'5-26-22'!M28 -> 0 | N28: =M28/C28 -> 0 | O28: =J28+'5-26-22'!O28 -> 0 | P28: =M28/O28 -> #DIV/0!
B30: Install 100 Mil Cover | C30: 125400 | J30: =F30*G30+H30*I30 -> 0 | K30: =E30/(J30) -> #DIV/0! | M30: =E30+'5-26-22'!M30 -> 0 | N30: =M30/C30 -> 0 | O30: =J30+'5-26-22'!O30 -> 0 | P30: =M30/O30 -> #DIV/0!
B32: Patches & Straps | C32: 324 | J32: =F32*G32+H32*I32 -> 0 | K32: =E32/(J32) -> #DIV/0! | M32: =E32+'5-26-22'!M32 -> 0 | N32: =M32/C32 -> 0 | O32: =J32+'5-26-22'!O32 -> 0 | P32: =M32/O32 -> #DIV/0!
B34: 60 Mil Cover & Foam | C34: 115000 | J34: =F34*G34+H34*I34 -> 0 | K34: =E34/(J34) -> #DIV/0! | M34: =E34+'5-26-22'!M34 -> 0 | N34: =M34/C34 -> 0 | O34: =J34+'5-26-22'!O34 -> 0 | P34: =M34/O34 -> #DIV/0!
B36: Sample Ports | C36: 8 | J36: =F36*G36+H36*I36 -> 0 | K36: =E36/(J36) -> #DIV/0! | M36: =E36+'5-26-22'!M36 -> 0 | N36: =M36/C36 -> 0 | O36: =J36+'5-26-22'!O36 -> 0 | P36: =M36/O36 -> #DIV/0!
B38: Ballast Pipes | C38: =2760+480 -> 3240 | J38: =F38*G38+H38*I38 -> 0 | K38: =E38/(J38) -> #DIV/0! | M38: =E38+'5-26-22'!M38 -> 0 | N38: =M38/C38 -> 0 | O38: =J38+'5-26-22'!O38 -> 0 | P38: =M38/O38 -> #DIV/0!
B40: Grout | C40: 25 | J40: =F40*G40+H40*I40 -> 0 | K40: =E40/(J40) -> #DIV/0! | M40: =E40+'5-26-22'!M40 -> 0 | N40: =M40/C40 -> 0 | O40: =J40+'5-26-22'!O40 -> 0 | P40: =M40/O40 -> #DIV/0!
B42: Weather Delay | J42: =F42*G42+H42*I42 -> 0 | K42: =E42/(J42) -> #DIV/0! | M42: =E42+'5-26-22'!M42 -> 0 | N42: =M42/C42 -> #DIV/0! | O42: =J42+'5-26-22'!O42 -> 123.75 | P42: =M42/O42 -> 0
B43: Total: | J43: =J20+J22+J24+J26+J28+J30+J32+J34+J36+J38+J40+J42 -> 92.25 | O43: =O20+O22+O24+O26+O28+O30+O32+O34+O36+O38+O40+O42 -> 869.25
B45: NOTES: | C45: ULOADED TRUCK 10:30 TO 12:00 REMOVED SAND TUBES OFF PRIMARY COVER
C46: Time Spent Unloading Truck
B47: TEMP: | C47: L -56 H - 95
B49: WEATHER: | C49: BREEZY +MOSTLY SUNNY HIGHS IN 90s SOUTH WINDS 15 TO 25

Sheet 5-26-22
A1: Daily Production Log
B3: Job: | C3: SW Cheese | F3: Total Budgeted Hours: | G3: 4355 | H3: Total Job Days: | I3: 49
B4: Project Number: | C4: 300155 | F4: Total Hours to Date: | G4: =J16+'5-25-22'!G4 -> 777 | H4: No. of days to date: | I4: 11
B5: Date of Report | C5: 44707
A7: Personnel | C7: Name | E7: Hours | F7: Veh. No. | H7: Name | J7: Hours
A8: 1 | B8: Super: | C8: JOHNSTON, B. (Walter) | E8: 7 | F8: 66 | G8: 9 | H8: GONZALES, M. (Marcos) | J8: 10
A9: 2 | B9: Foreman: | C9: CRUZ, L. (Lucas) | E9: 10 | G9: 10
A10: 3 | B10: QC: | C10: *NIETO, M. (Mario) | E10: 7 | F10: 78 | G10: 11
A11: 4 | B11: Techs: | C11: HERNANDEZ, B. (Bonofocio) | E11: 10 | G11: 12
A12: 5 | C12: ROMERO, J. (Jose) | E12: 10 | G12: 13
A13: 6 | C13: *LOPEZ, J. (Jamie) | E13: 10 | F13: 74 | G13: 14
A14: 7 | C14: MORGAN, L (Luke) | E14: 10 | G14: 15
A15: 8 | C15: NELCA, D. (Dennis) | E15: 10 | G15: 16
H16: TOTAL | J16: =SUM(E8:E15)+SUM(J8:J15) -> 84
B18: Description | C18: Total Sq Ft | D18: Sq. Ft. per Man Hour | E18: Sq. Ft. per Day | F18: No. Techs | G18: Hours | H18: No. Techs | I18: Hours | J18: Total Hours | K18: Actual Sq. Ft. per Hour | M18: Total Production for Job | N18: % | O18: Total Hours for Job | P18: Production Rate for Total Job
B20: MOB | C20: 1 | D20: 1 | G20: 0 | J20: =F20*G20+H20*I20 -> 0 | K20: =E20/(J20) -> #DIV/0! | M20: 0 | N20: =M20/C20 -> 0 | O20: =J20+'5-25-22'!O20 -> 108 | P20: =M20/O20 -> 0
B22: Remove Insulation Cover (SF) | C22: 125400 | E22: 11456 | F22: 7 | G22: 8 | H22: 2 | I22: 4 | J22: =F22*G22+H22*I22 -> 64 | K22: =E22/(J22) -> 179 | M22: =E22+'5-25-22'!M22 -> 125400 | N22: =M22/C22 -> 1 | O22: =J22+'5-25-22'!O22 -> 525.25 | P22: =M22/O22 -> 238.74346 | Q22: Est Hr | R22: 844
B24: Remove Primary Cover (SF) | C24: 125400 | F24: 10 | G24: 2 | J24: =F24*G24+H24*I24 -> 20 | K24: =E24/(J24) -> 0 | M24: =E24+'5-25-22'!M24 -> 0 | N24: =M24/C24 -> 0 | O24: =J24+'5-25-22'!O24 -> 20 | P24: =M24/O24 -> 0
B26: Remove Existing Battens | C26: 3040 | J26: =F26*G26+H26*I26 -> 0 | K26: =E26/(J26) -> #DIV/0! | M26: =E26+'5-25-22'!M26 -> 0 | N26: =M26/C26 -> 0 | O26: =J26+'5-25-22'!O26 -> 0 | P26: =M26/O26 -> #DIV/0!
B28: Installation New Batttens | C28: 3040 | J28: =F28*G28+H28*I28 -> 0 | K28: =E28/(J28) -> #DIV/0! | M28: =E28+'5-25-22'!M28 -> 0 | N28: =M28/C28 -> 0 | O28: =J28+'5-25-22'!O28 -> 0 | P28: =M28/O28 -> #DIV/0!
B30: Install 100 Mil Cover | C30: 125400 | J30: =F30*G30+H30*I30 -> 0 | K30: =E30/(J30) -> #DIV/0! | M30: =E30+'5-25-22'!M30 -> 0 | N30: =M30/C30 -> 0 | O30: =J30+'5-25-22'!O30 -> 0 | P30: =M30/O30 -> #DIV/0!
B32: Patches & Straps | C32: 324 | J32: =F32*G32+H32*I32 -> 0 | K32: =E32/(J32) -> #DIV/0! | M32: =E32+'5-25-22'!M32 -> 0 | N32: =M32/C32 -> 0 | O32: =J32+'5-25-22'!O32 -> 0 | P32: =M32/O32 -> #DIV/0!
B34: 60 Mil Cover & Foam | C34: 115000 | J34: =F34*G34+H34*I34 -> 0 | K34: =E34/(J34) -> #DIV/0! | M34: =E34+'5-25-22'!M34 -> 0 | N34: =M34/C34 -> 0 | O34: =J34+'5-25-22'!O34 -> 0 | P34: =M34/O34 -> #DIV/0!
B36: Sample Ports | C36: 8 | J36: =F36*G36+H36*I36 -> 0 | K36: =E36/(J36) -> #DIV/0! | M36: =E36+'5-25-22'!M36 -> 0 | N36: =M36/C36 -> 0 | O36: =J36+'5-25-22'!O36 -> 0 | P36: =M36/O36 -> #DIV/0!
B38: Ballast Pipes | C38: =2760+480 -> 3240 | J38: =F38*G38+H38*I38 -> 0 | K38: =E38/(J38) -> #DIV/0! | M38: =E38+'5-25-22'!M38 -> 0 | N38: =M38/C38 -> 0 | O38: =J38+'5-25-22'!O38 -> 0 | P38: =M38/O38 -> #DIV/0!
B40: Grout | C40: 25 | J40: =F40*G40+H40*I40 -> 0 | K40: =E40/(J40) -> #DIV/0! | M40: =E40+'5-25-22'!M40 -> 0 | N40: =M40/C40 -> 0 | O40: =J40+'5-25-22'!O40 -> 0 | P40: =M40/O40 -> #DIV/0!
B42: Weather Delay | J42: =F42*G42+H42*I42 -> 0 | K42: =E42/(J42) -> #DIV/0! | M42: =E42+'5-25-22'!M42 -> 0 | N42: =M42/C42 -> #DIV/0! | O42: =J42+'5-25-22'!O42 -> 123.75 | P42: =M42/O42 -> 0
B43: Total: | J43: =J20+J22+J24+J26+J28+J30+J32+J34+J36+J38+J40+J42 -> 84 | O43: =O20+O22+O24+O26+O28+O30+O32+O34+O36+O38+O40+O42 -> 777
B45: NOTES: | C45: PUMPING WATER LOADED 2 DUMPSTER REMOVED SAND TUBES
B47: TEMP: | C47: L -51 H -85
B49: WEATHER: | C49: WARMER +SUNNY HIGH IN THE 80s WINDS AROUND 15 THIS MORNING

Sheet 5-25-22
A1: Daily Production Log
B3: Job: | C3: SW Cheese | F3: Total Budgeted Hours: | G3: 4355 | H3: Total Job Days: | I3: 49
B4: Project Number: | C4: 300155 | F4: Total Hours to Date: | G4: =J16+'5-24-22'!G4 -> 693 | H4: No. of days to date: | I4: 10
B5: Date of Report | C5: 44706
A7: Personnel | C7: Name | E7: Hours | F7: Veh. No. | H7: Name | J7: Hours
A8: 1 | B8: Super: | C8: JOHNSTON, B. (Walter) | E8: 10 | F8: 66 | G8: 9 | H8: GONZALES, M. (Marcos) | J8: 10
A9: 2 | B9: Foreman: | C9: CRUZ, L. (Lucas) | E9: 10 | G9: 10
A10: 3 | B10: QC: | C10: *NIETO, M. (Mario) | E10: 10 | F10: 78 | G10: 11
A11: 4 | B11: Techs: | C11: HERNANDEZ, B. (Bonofocio) | E11: 10 | G11: 12
A12: 5 | C12: ROMERO, J. (Jose) | E12: 10 | G12: 13
A13: 6 | C13: *LOPEZ, J. (Jamie) | E13: 10 | F13: 74 | G13: 14
A14: 7 | C14: MORGAN, L (Luke) | E14: 10 | G14: 15
A15: 8 | C15: NELCA, D. (Dennis) | E15: 10 | G15: 16
H16: TOTAL | J16: =SUM(E8:E15)+SUM(J8:J15) -> 90
B18: Description | C18: Total Sq Ft | D18: Sq. Ft. per Man Hour | E18: Sq. Ft. per Day | F18: No. Techs | G18: Hours | H18: No. Techs | I18: Hours | J18: Total Hours | K18: Actual Sq. Ft. per Hour | M18: Total Production for Job | N18: % | O18: Total Hours for Job | P18: Production Rate for Total Job
B20: MOB | C20: 1 | D20: 1 | G20: 0 | J20: =F20*G20+H20*I20 -> 0 | K20: =E20/(J20) -> #DIV/0! | M20: 0 | N20: =M20/C20 -> 0 | O20: =J20+'5-24-22'!O20 -> 108 | P20: =M20/O20 -> 0
B22: Remove Insulation Cover (SF) | C22: 125400 | E22: 23826 | F22: 9 | G22: 10 | J22: =F22*G22+H22*I22 -> 90 | K22: =E22/(J22) -> 264.73333 | M22: =E22+'5-24-22'!M22 -> 113944 | N22: =M22/C22 -> 0.90864434 | O22: =J22+'5-24-22'!O22 -> 461.25 | P22: =M22/O22 -> 247.03306
B24: Remove Primary Cover (SF) | C24: 125400 | J24: =F24*G24+H24*I24 -> 0 | K24: =E24/(J24) -> #DIV/0! | M24: =E24+'5-24-22'!M24 -> 0 | N24: =M24/C24 -> 0 | O24: =J24+'5-24-22'!O24 -> 0 | P24: =M24/O24 -> #DIV/0!
B26: Remove Existing Battens | C26: 3040 | J26: =F26*G26+H26*I26 -> 0 | K26: =E26/(J26) -> #DIV/0! | M26: =E26+'5-24-22'!M26 -> 0 | N26: =M26/C26 -> 0 | O26: =J26+'5-24-22'!O26 -> 0 | P26: =M26/O26 -> #DIV/0!
B28: Installation New Batttens | C28: 3040 | J28: =F28*G28+H28*I28 -> 0 | K28: =E28/(J28) -> #DIV/0! | M28: =E28+'5-24-22'!M28 -> 0 | N28: =M28/C28 -> 0 | O28: =J28+'5-24-22'!O28 -> 0 | P28: =M28/O28 -> #DIV/0!
B30: Install 100 Mil Cover | C30: 125400 | J30: =F30*G30+H30*I30 -> 0 | K30: =E30/(J30) -> #DIV/0! | M30: =E30+'5-24-22'!M30 -> 0 | N30: =M30/C30 -> 0 | O30: =J30+'5-24-22'!O30 -> 0 | P30: =M30/O30 -> #DIV/0!
B32: Patches & Straps | C32: 324 | J32: =F32*G32+H32*I32 -> 0 | K32: =E32/(J32) -> #DIV/0! | M32: =E32+'5-24-22'!M32 -> 0 | N32: =M32/C32 -> 0 | O32: =J32+'5-24-22'!O32 -> 0 | P32: =M32/O32 -> #DIV/0!
B34: 60 Mil Cover & Foam | C34: 115000 | J34: =F34*G34+H34*I34 -> 0 | K34: =E34/(J34) -> #DIV/0! | M34: =E34+'5-24-22'!M34 -> 0 | N34: =M34/C34 -> 0 | O34: =J34+'5-24-22'!O34 -> 0 | P34: =M34/O34 -> #DIV/0!
B36: Sample Ports | C36: 8 | J36: =F36*G36+H36*I36 -> 0 | K36: =E36/(J36) -> #DIV/0! | M36: =E36+'5-24-22'!M36 -> 0 | N36: =M36/C36 -> 0 | O36: =J36+'5-24-22'!O36 -> 0 | P36: =M36/O36 -> #DIV/0!
B38: Ballast Pipes | C38: =2760+480 -> 3240 | J38: =F38*G38+H38*I38 -> 0 | K38: =E38/(J38) -> #DIV/0! | M38: =E38+'5-24-22'!M38 -> 0 | N38: =M38/C38 -> 0 | O38: =J38+'5-24-22'!O38 -> 0 | P38: =M38/O38 -> #DIV/0!
B40: Grout | C40: 25 | J40: =F40*G40+H40*I40 -> 0 | K40: =E40/(J40) -> #DIV/0! | M40: =E40+'5-24-22'!M40 -> 0 | N40: =M40/C40 -> 0 | O40: =J40+'5-24-22'!O40 -> 0 | P40: =M40/O40 -> #DIV/0!
B42: Weather Delay | J42: =F42*G42+H42*I42 -> 0 | K42: =E42/(J42) -> #DIV/0! | M42: =E42+'5-24-22'!M42 -> 0 | N42: =M42/C42 -> #DIV/0! | O42: =J42+'5-24-22'!O42 -> 123.75 | P42: =M42/O42 -> 0
B43: Total: | J43: =J20+J22+J24+J26+J28+J30+J32+J34+J36+J38+J40+J42 -> 90 | O43: =O20+O22+O24+O26+O28+O30+O32+O34+O36+O38+O40+O42 -> 693
B45: NOTES: | C45: RAIN YESTERDAY 3:00 PM REMOVED INSULATION LOADED 2 DUMPSTER
B47: TEMP: | C47: L -42 H -69
B49: WEATHER: | C49: PARTLY CLOUDY THIS MORNING THEN BECOMING SUNNY HIGH 70 NORHTWEST WINDS 15 TO 20

Sheet 5-24-22
A1: Daily Production Log
B3: Job: | C3: SW Cheese | F3: Total Budgeted Hours: | G3: 4355 | H3: Total Job Days: | I3: 49
B4: Project Number: | C4: 300155 | F4: Total Hours to Date: | G4: =J16+'5-23-22'!G4 -> 603 | H4: No. of days to date: | I4: 9
B5: Date of Report | C5: 44705
A7: Personnel | C7: Name | E7: Hours | F7: Veh. No. | H7: Name | J7: Hours
A8: 1 | B8: Super: | C8: JOHNSTON, B. (Walter) | E8: 8.5 | F8: 66 | G8: 9 | H8: GONZALES, M. (Marcos) | J8: 8.5
A9: 2 | B9: Foreman: | C9: CRUZ, L. (Lucas) | E9: 8.5 | G9: 10
A10: 3 | B10: QC: | C10: *NIETO, M. (Mario) | E10: 8.5 | F10: 78 | G10: 11
A11: 4 | B11: Techs: | C11: HERNANDEZ, B. (Bonofocio) | E11: 8.5 | G11: 12
A12: 5 | C12: ROMERO, J. (Jose) | E12: 8.5 | G12: 13
A13: 6 | C13: *LOPEZ, J. (Jamie) | E13: 8.5 | F13: 74 | G13: 14
A14: 7 | C14: MORGAN, L (Luke) | E14: 8.5 | G14: 15
A15: 8 | C15: NELCA, D. (Dennis) | E15: 8.5 | G15: 16
H16: TOTAL | J16: =SUM(E8:E15)+SUM(J8:J15) -> 76.5
B18: Description | C18: Total Sq Ft | D18: Sq. Ft. per Man Hour | E18: Sq. Ft. per Day | F18: No. Techs | G18: Hours | H18: No. Techs | I18: Hours | J18: Total Hours | K18: Actual Sq. Ft. per Hour | M18: Total Production for Job | N18: % | O18: Total Hours for Job | P18: Production Rate for Total Job
B20: MOB | C20: 1 | D20: 1 | G20: 0 | J20: =F20*G20+H20*I20 -> 0 | K20: =E20/(J20) -> #DIV/0! | M20: 0 | N20: =M20/C20 -> 0 | O20: =J20+'5-23-22'!O20 -> 108 | P20: =M20/O20 -> 0
B22: Remove Insulation Cover (SF) | C22: 125400 | E22: 9600 | F22: 9 | G22: 8.5 | J22: =F22*G22+H22*I22 -> 76.5 | K22: =E22/(J22) -> 125.4902 | M22: =E22+'5-23-22'!M22 -> 90118 | N22: =M22/C22 -> 0.71864434 | O22: =J22+'5-23-22'!O22 -> 371.25 | P22: =M22/O22 -> 242.74209
B24: Remove Primary Cover (SF) | C24: 125400 | J24: =F24*G24+H24*I24 -> 0 | K24: =E24/(J24) -> #DIV/0! | M24: =E24+'5-23-22'!M24 -> 0 | N24: =M24/C24 -> 0 | O24: =J24+'5-23-22'!O24 -> 0 | P24: =M24/O24 -> #DIV/0!
B26: Remove Existing Battens | C26: 3040 | J26: =F26*G26+H26*I26 -> 0 | K26: =E26/(J26) -> #DIV/0! | M26: =E26+'5-23-22'!M26 -> 0 | N26: =M26/C26 -> 0 | O26: =J26+'5-23-22'!O26 -> 0 | P26: =M26/O26 -> #DIV/0!
B28: Installation New Batttens | C28: 3040 | J28: =F28*G28+H28*I28 -> 0 | K28: =E28/(J28) -> #DIV/0! | M28: =E28+'5-23-22'!M28 -> 0 | N28: =M28/C28 -> 0 | O28: =J28+'5-23-22'!O28 -> 0 | P28: =M28/O28 -> #DIV/0!
B30: Install 100 Mil Cover | C30: 125400 | J30: =F30*G30+H30*I30 -> 0 | K30: =E30/(J30) -> #DIV/0! | M30: =E30+'5-23-22'!M30 -> 0 | N30: =M30/C30 -> 0 | O30: =J30+'5-23-22'!O30 -> 0 | P30: =M30/O30 -> #DIV/0!
B32: Patches & Straps | C32: 324 | J32: =F32*G32+H32*I32 -> 0 | K32: =E32/(J32) -> #DIV/0! | M32: =E32+'5-23-22'!M32 -> 0 | N32: =M32/C32 -> 0 | O32: =J32+'5-23-22'!O32 -> 0 | P32: =M32/O32 -> #DIV/0!
B34: 60 Mil Cover & Foam | C34: 115000 | J34: =F34*G34+H34*I34 -> 0 | K34: =E34/(J34) -> #DIV/0! | M34: =E34+'5-23-22'!M34 -> 0 | N34: =M34/C34 -> 0 | O34: =J34+'5-23-22'!O34 -> 0 | P34: =M34/O34 -> #DIV/0!
B36: Sample Ports | C36: 8 | J36: =F36*G36+H36*I36 -> 0 | K36: =E36/(J36) -> #DIV/0! | M36: =E36+'5-23-22'!M36 -> 0 | N36: =M36/C36 -> 0 | O36: =J36+'5-23-22'!O36 -> 0 | P36: =M36/O36 -> #DIV/0!
